資料区分,都道府県コード,警察署等コード,本票番号,事故内容,死者数,負傷者数,路線コード,地点コード,市区町村コード,地点　緯度（北緯）,地点　経度（東経）,緯度,経度
1,30,69,13,2,0,1,50280,0,108,353842619,1394859112,35.64517194,139.81642
1,30,69,14,2,0,1,50280,0,108,353844668,1394902590,35.64574111,139.8173861
1,30,69,17,2,0,1,50280,0,108,353850058,1395036180,35.64723833,139.8433833
1,30,69,37,2,0,1,50280,0,108,353842302,1394857197,35.64508389,139.8158881
1,30,113,2,2,0,1,10090,0,108,353857260,1394930701,35.64923889,139.8251947
1,30,113,5,2,0,1,10370,0,108,353901982,1394843221,35.65055056,139.8120058
1,30,113,6,2,0,1,3570,0,108,353846641,1394925328,35.64628917,139.8237022
1,30,113,9,2,0,1,30000,0,108,353845552,1394944255,35.64598667,139.8289597
1,30,113,13,2,0,1,10090,0,108,353849705,1394931228,35.64714028,139.8253411
1,30,113,14,2,0,1,3570,0,108,353826031,1394808894,35.64056417,139.8024706
1,30,113,17,2,0,1,85010,0,108,353836771,1395012939,35.6435475,139.8369275
1,30,113,18,2,0,2,3570,0,108,353849995,1395022553,35.64722083,139.8395981
1,30,113,19,2,0,1,85020,0,108,353626869,1394920686,35.60746361,139.8224128
1,30,771,1,2,0,1,30000,0,108,354050217,1394848987,35.68061583,139.8136075
1,30,771,2,2,0,1,99000,0,108,353922709,1394837076,35.65630806,139.8102989
1,30,771,3,2,0,1,10060,0,108,354120732,1394857432,35.68909222,139.8159533
1,30,771,4,2,0,6,30000,0,108,354042619,1394847360,35.67850528,139.8131556
1,30,771,5,2,0,1,30000,0,108,354001236,1394823380,35.66701,139.8064944
1,30,771,6,2,0,4,10040,0,108,354019873,1394742929,35.67218694,139.7952581
1,30,771,7,2,0,1,10040,0,108,354011225,1394906716,35.66978472,139.8185322
1,30,771,8,2,0,1,30000,0,108,353848813,1394700017,35.6468925,139.7833381
1,30,771,9,2,0,1,30000,0,108,353941657,1394742489,35.66157139,139.7951358
1,30,771,10,2,0,2,10060,0,108,354120425,1394857340,35.68900694,139.8159278
1,30,771,11,2,0,1,30000,0,108,353923640,1394757295,35.65656667,139.7992486
1,30,771,12,2,0,2,10370,0,108,353950609,1394820280,35.66405806,139.8056333
1,30,771,13,2,0,2,10060,0,108,354121113,1394911324,35.68919806,139.8198122
1,30,771,14,2,0,1,10370,0,108,353949380,1394819019,35.66371667,139.8052831
1,30,771,15,2,0,1,10370,0,108,354006395,1394818475,35.66844306,139.8051319
1,30,771,16,2,0,1,10370,0,108,353934243,1394827729,35.65951194,139.8077025
1,30,771,17,2,0,1,30000,0,108,354022950,1394806711,35.67304167,139.8018642
1,30,771,18,2,0,1,30000,0,108,354004488,1394911080,35.66791333,139.8197444
1,30,771,19,2,0,1,10350,0,108,354029688,1394741865,35.67491333,139.7949625
1,30,771,20,2,0,1,10370,0,108,354035617,1394825683,35.67656028,139.8071342
1,30,771,21,2,0,1,10020,0,108,353921417,1394743171,35.65594917,139.7953253
1,30,771,22,2,0,1,10370,0,108,354018365,1394822717,35.67176806,139.8063103
1,30,771,24,2,0,1,30000,0,108,354008262,1394844132,35.66896167,139.8122589
1,30,771,25,2,0,1,10350,0,108,354031171,1394810154,35.67532528,139.8028206
1,30,771,26,2,0,1,10040,0,108,354009786,1394821594,35.669385,139.8059983
1,30,771,27,2,0,1,10370,0,108,353934710,1394826272,35.65964167,139.8072978
1,30,771,28,2,0,1,10370,0,108,354048864,1394824029,35.68024,139.8066747
1,30,771,29,2,0,1,30000,0,108,353909070,1394741316,35.65251944,139.79481
1,30,771,30,2,0,1,20000,0,108,353943050,1394812985,35.66195833,139.8036069
1,30,771,31,2,0,1,10370,0,108,353920801,1394752531,35.65577806,139.7979253
1,30,771,32,2,0,1,20690,0,108,354053385,1394857727,35.68149583,139.8160353
1,30,771,33,2,0,1,10020,0,108,353932921,1394729570,35.65914472,139.7915472
1,30,771,34,2,0,1,30000,0,108,353948328,1394804248,35.66342444,139.80118
1,30,771,35,2,0,1,30000,0,108,353917867,1394750014,35.65496306,139.7972261
1,30,772,1,2,0,1,10040,0,108,354011094,1394915056,35.66974833,139.8208489
1,30,772,2,2,0,1,30000,0,108,354041298,1394957879,35.67813833,139.8327442
1,30,772,3,2,0,1,10350,0,108,354032476,1394922258,35.67568778,139.8228494
1,30,772,4,2,0,1,10090,0,108,354004302,1394932219,35.66786167,139.8256164
1,30,772,5,2,0,1,20000,0,108,354204174,1394923527,35.70115944,139.8232019
1,30,772,6,2,0,1,10060,0,108,354120975,1394916574,35.68915972,139.8212706
1,30,772,7,2,0,1,10090,0,108,354004256,1394932345,35.66784889,139.8256514
1,30,772,8,2,0,1,10060,0,108,354125275,1395028617,35.69035417,139.8412825
1,30,772,9,2,0,1,30000,0,108,354000343,1394948848,35.66676194,139.8302356
1,30,772,10,2,0,1,20660,0,108,354108511,1395043122,35.6856975,139.8453117
1,30,772,11,2,0,1,30000,0,108,354113187,1395026813,35.68699639,139.8407814
1,30,772,12,2,0,1,30000,0,108,354119906,1394923025,35.68886278,139.8230625
1,30,772,13,2,0,1,30000,0,108,354104823,1395011162,35.68467306,139.8364339
1,30,772,14,2,0,1,140,51,108,354146458,1394915020,35.69623833,139.8208389
1,30,772,15,2,0,1,10040,0,108,353959408,1395004994,35.66650222,139.8347206
1,30,772,16,2,0,1,30000,0,108,354102369,1394954572,35.68399139,139.8318256
1,30,772,17,2,0,1,30000,0,108,354121880,1395016876,35.68941111,139.8380211
1,30,772,18,2,0,1,30000,0,108,354122363,1395032055,35.68954528,139.8422375
1,30,772,19,2,0,1,140,57,108,354148022,1394941494,35.69667278,139.8281928
1,30,772,20,2,0,1,20540,0,108,354033183,1395013473,35.67588417,139.8370758
1,30,772,21,2,0,1,99000,0,108,354015827,1395020476,35.67106306,139.8390211
1,30,772,22,2,0,1,30000,0,108,354044483,1394939336,35.67902306,139.8275933
1,30,772,23,2,0,2,10060,0,108,354123613,1395009211,35.6898925,139.8358919
1,30,772,24,2,0,1,10350,0,108,354023718,1394958027,35.673255,139.8327853
1,30,772,25,2,0,1,30000,0,108,354011400,1395016014,35.66983333,139.8377817
1,30,772,26,2,0,1,10060,0,108,354125840,1395033452,35.69051111,139.8426256
1,30,772,27,2,0,1,30000,0,108,354104273,1395024735,35.68452028,139.8402042
1,30,69,58,2,0,1,50280,0,108,353849176,1394952069,35.64699333,139.8311303
1,30,113,21,2,0,1,3570,116,108,353831910,1394826657,35.64219722,139.8074047
1,30,113,22,2,0,1,30000,0,108,353844636,1395012160,35.64573222,139.8367111
1,30,113,24,2,0,1,10000,0,108,353843724,1394802351,35.64547889,139.8006531
1,30,113,25,2,0,1,3570,1,108,353829063,1394809952,35.64140639,139.8027644
1,30,113,26,2,0,1,10370,0,108,353855386,1394844303,35.64871833,139.8123064
1,30,113,27,2,0,1,3570,0,108,353835456,1394838870,35.64318222,139.8107972
1,30,113,28,2,0,1,10020,0,108,353859021,1394804238,35.64972806,139.8011772
1,30,113,29,2,0,1,30000,0,108,353830571,1394754854,35.64182528,139.7985706
1,30,113,30,2,0,1,30000,0,108,353805062,1394703506,35.63473944,139.7843072
1,30,113,31,2,0,1,30000,0,108,353841263,1394900783,35.64479528,139.8168842
1,30,113,32,2,0,1,21180,0,108,353818962,1394724331,35.63860056,139.7900919
1,30,113,33,2,0,1,99000,0,108,353813140,1394734283,35.63698333,139.7928564
1,30,113,36,2,0,1,10090,0,108,353917388,1394928172,35.65483,139.8244922
1,30,113,37,2,0,1,3570,0,108,353827813,1394807198,35.64105917,139.8019994
1,30,113,38,2,0,1,30000,0,108,353836984,1394806897,35.64360667,139.8019158
1,30,113,39,2,0,1,85000,0,108,353831980,1394849576,35.64221667,139.8137711
1,30,771,36,2,0,1,30000,0,108,354048601,1394813675,35.68016694,139.8037986
1,30,771,37,2,0,1,30000,0,108,354014150,1394738808,35.67059722,139.7941133
1,30,771,38,2,0,1,30000,0,108,354005949,1394810248,35.66831917,139.8028467
1,30,771,39,2,0,1,10040,0,108,354009761,1394825218,35.66937806,139.807005
1,30,771,40,2,0,1,30000,0,108,354023593,1394857821,35.67322028,139.8160614
1,30,771,41,2,0,1,10040,0,108,354010008,1394835857,35.66944667,139.8099603
1,30,771,42,2,0,1,30000,0,108,354008297,1394838843,35.66897139,139.8107897
1,30,771,43,2,0,1,20000,0,108,353846105,1394710628,35.64614028,139.7862856
1,30,771,44,2,0,1,30000,0,108,353857870,1394715118,35.64940833,139.7875328
1,30,771,45,2,0,1,30000,0,108,354014457,1394814002,35.6706825,139.8038894
1,30,771,46,2,0,2,10040,0,108,354018695,1394746528,35.67185972,139.7962578
1,30,771,47,2,0,1,30000,0,108,353955167,1394802809,35.66532417,139.8007803
1,30,771,48,2,0,1,30000,0,108,354112067,1394754615,35.68668528,139.7985042
1,30,771,49,2,0,1,30000,0,108,354006564,1394811334,35.66849,139.8031483
1,30,771,50,2,0,1,30000,0,108,353953379,1394747606,35.6648275,139.7965572
1,30,771,51,2,0,1,20000,0,108,353910559,1394739668,35.65293306,139.7943522
1,30,771,52,2,0,1,20690,0,108,354121247,1394856211,35.68923528,139.8156142
1,30,771,53,2,0,1,30000,0,108,353950758,1394807183,35.66409944,139.8019953
1,30,771,54,2,0,1,30000,0,108,353954026,1394746074,35.66500722,139.7961317
1,30,771,55,2,0,1,20540,0,108,354059263,1394901801,35.68312861,139.8171669
1,30,771,56,2,0,1,30000,0,108,353908829,1394751967,35.6524525,139.7977686
1,30,771,57,2,0,1,30000,0,108,354059418,1394849798,35.68317167,139.8138328
1,30,771,58,2,0,1,10370,0,108,353935290,1394825185,35.65980278,139.8069958
1,30,771,59,2,0,2,10370,0,108,354019137,1394822469,35.6719825,139.8062414
1,30,771,60,2,0,1,30000,0,108,354016665,1394831161,35.67129583,139.8086558
1,30,771,61,2,0,1,20680,0,108,354048588,1394756395,35.68016333,139.7989986
1,30,771,62,2,0,1,10060,0,108,354045261,1394756200,35.67923917,139.7989444
1,30,771,63,2,0,1,10350,0,108,354031701,1394839005,35.6754725,139.8108347
1,30,771,64,2,0,1,10370,0,108,353935895,1394825004,35.65997083,139.8069456
1,30,771,65,2,0,1,10370,0,108,354054400,1394824261,35.68177778,139.8067392
1,30,771,66,2,0,1,30000,0,108,353917816,1394748510,35.65494889,139.7968083
1,30,771,67,2,0,1,20540,0,108,354057362,1394827067,35.68260056,139.8075186
1,30,771,68,2,0,1,30000,0,108,354110271,1394812964,35.68618639,139.8036011
1,30,771,69,2,0,1,30000,0,108,354009594,1394738145,35.66933167,139.7939292
1,30,771,70,2,0,1,20690,0,108,354128672,1394855653,35.69129778,139.8154592
1,30,771,71,2,0,1,20680,0,108,354031327,1394745859,35.67536861,139.7960719
1,30,771,72,2,0,1,30000,0,108,354049349,1394835706,35.68037472,139.8099183
1,30,771,73,2,0,1,10020,0,108,353929505,1394733881,35.65819583,139.7927447
1,30,771,74,2,0,1,30000,0,108,354041547,1394803484,35.6782075,139.8009678
1,30,771,75,2,0,1,30000,0,108,353952542,1394900472,35.664595,139.8167978
1,30,771,76,2,0,1,30000,0,108,353951478,1394845296,35.66429944,139.8125822
1,30,771,77,2,0,2,10370,0,108,354045596,1394824084,35.67933222,139.80669
1,30,772,28,2,0,1,99000,0,108,354022821,1395021796,35.67300583,139.8393878
1,30,772,29,2,0,1,30000,0,108,354040308,1395025346,35.67786333,139.8403739
1,30,772,30,2,0,1,140,68,108,354150138,1395022427,35.69726056,139.8395631
1,30,772,31,2,0,1,10090,0,108,353934482,1394926445,35.65957833,139.8240125
1,30,772,32,2,0,1,10060,0,108,354125287,1395029309,35.6903575,139.8414747
1,30,772,33,2,0,1,30000,0,108,353956069,1395015662,35.66557472,139.8376839
1,30,772,34,2,0,1,20650,0,108,354033831,1395001905,35.67606417,139.8338625
1,30,772,35,2,0,1,30000,0,108,354154749,1395012912,35.69854139,139.83692
1,30,772,36,2,0,1,10090,0,108,354147372,1394932382,35.69649222,139.8256617
1,30,772,37,2,0,1,10290,0,108,354205746,1394914703,35.70159611,139.8207508
1,30,772,38,2,0,1,30000,0,108,354105471,1395029055,35.68485306,139.8414042
1,30,772,39,2,0,2,140,57,108,354148398,1394940702,35.69677722,139.8279728
1,30,772,40,2,0,1,30000,0,108,354027348,1395011090,35.67426333,139.8364139
1,30,772,41,2,0,1,10350,0,108,354033014,1394913481,35.67583722,139.8204114
1,30,772,42,2,0,1,10090,0,108,354206983,1394931318,35.70193972,139.8253661
1,30,772,43,2,0,1,30000,0,108,354026237,1395010525,35.67395472,139.8362569
1,30,772,44,2,0,1,30000,0,108,354005186,1394945132,35.66810722,139.8292033
1,30,772,45,2,0,1,30000,0,108,354150910,1394929959,35.697475,139.8249886
1,30,772,46,2,0,1,10090,0,108,354113166,1394935106,35.68699056,139.8264183
1,30,772,47,2,0,1,30000,0,108,354152798,1394957842,35.69799944,139.8327339
1,30,772,48,2,0,1,10090,0,108,354156501,1394932170,35.69902806,139.8256028
1,30,772,49,2,0,1,20650,0,108,354120106,1394928480,35.68891833,139.8245778
1,30,772,50,2,0,1,10090,0,108,354054574,1394938456,35.68182611,139.8273489
1,30,772,51,2,0,1,30000,0,108,354021717,1395018095,35.67269917,139.8383597
1,30,772,52,2,0,1,30000,0,108,354105773,1394928450,35.68493694,139.8245694
1,30,772,53,2,0,1,20540,0,108,354053671,1394918054,35.68157528,139.8216817
1,30,772,54,2,0,1,30000,0,108,354105896,1394928299,35.68497111,139.8245275
1,30,772,55,2,0,1,20660,0,108,354036735,1395035641,35.67687083,139.8432336
1,30,772,56,2,0,1,20540,0,108,354033620,1395010592,35.67600556,139.8362756
1,30,772,57,2,0,1,10090,0,108,354034822,1394937295,35.67633944,139.8270264
1,30,772,58,2,0,1,10090,0,108,354133550,1394934046,35.69265278,139.8261239
1,30,772,59,2,0,2,10090,0,108,354152917,1394932379,35.6980325,139.8256608
1,30,772,60,2,0,1,140,67,108,354149847,1395018672,35.69717972,139.83852
1,30,772,61,2,0,1,99000,0,108,354100387,1394929493,35.68344083,139.8248592
1,30,772,62,2,0,1,140,60,108,354149099,1394950986,35.69697194,139.8308294
1,30,772,63,2,0,1,30000,0,108,354107032,1394938551,35.68528667,139.8273753
1,30,772,64,2,0,1,10350,0,108,354026885,1394947962,35.67413472,139.8299894
1,30,69,92,2,0,1,50230,0,108,354031543,1394741876,35.67542861,139.7949656
1,30,113,40,2,0,1,20000,0,108,353812217,1394728746,35.63672694,139.7913183
1,30,113,41,2,0,1,85000,0,108,353806700,1394758610,35.63519444,139.7996139
1,30,113,43,2,0,1,3570,0,108,353851647,1395000786,35.64767972,139.8335517
1,30,113,45,2,0,1,10090,0,108,353856837,1394931010,35.64912139,139.8252806
1,30,113,46,2,0,1,10370,0,108,353845786,1394844739,35.64605167,139.8124275
1,30,113,47,2,0,1,85010,0,108,353849482,1395015404,35.64707833,139.8376122
1,30,113,48,2,0,1,3570,301,108,353808543,1394735615,35.63570639,139.7932264
1,30,113,49,2,0,2,3570,300,108,353813052,1394744421,35.63695889,139.7956725
1,30,113,50,2,0,1,85010,0,108,353845154,1395015126,35.64587611,139.837535
1,30,113,51,2,0,1,10020,0,108,353858528,1394805701,35.64959111,139.8015836
1,30,113,52,2,0,1,3570,0,108,353848514,1394928524,35.64680944,139.82459
1,30,113,53,2,0,1,85010,0,108,353823673,1395012968,35.63990917,139.8369356
1,30,113,54,2,0,1,30000,0,108,353859369,1394814266,35.64982472,139.8039628
1,30,113,55,2,0,1,85000,0,108,353745982,1394713247,35.62943944,139.7870131
1,30,113,56,2,0,1,3570,0,108,353849517,1395031468,35.64708806,139.8420744
1,30,113,57,2,0,1,20000,0,108,353806731,1394733039,35.63520306,139.7925108
1,30,113,58,2,0,1,30000,0,108,353840450,1394928897,35.64456944,139.8246936
1,30,113,62,2,0,1,30000,0,108,353840109,1394758738,35.64447472,139.7996494
1,30,113,63,2,0,1,85000,0,108,353640820,1394713290,35.61133889,139.787025
1,30,113,65,2,0,1,10370,0,108,353901898,1394843106,35.65052722,139.8119739
1,30,113,66,2,0,1,85020,0,108,353641764,1394941542,35.61160111,139.8282061
1,30,771,78,2,0,1,30000,0,108,353933851,1394900760,35.65940306,139.8168778
1,30,771,79,2,0,1,30000,0,108,353930426,1394735770,35.65845167,139.7932694
1,30,771,80,2,0,1,30000,0,108,353934929,1394829455,35.6597025,139.8081819
1,30,771,81,2,0,1,20690,0,108,354006133,1394838792,35.66837028,139.8107756
1,30,771,82,2,0,1,20000,0,108,353923444,1394757374,35.65651222,139.7992706
1,30,771,83,2,0,1,20690,0,108,354128760,1394855679,35.69132222,139.8154664
1,30,771,84,2,0,1,10370,0,108,353949805,1394819983,35.66383472,139.8055508
1,30,771,85,2,0,1,30000,0,108,353911174,1394740491,35.65310389,139.7945808
1,30,771,86,2,0,1,30000,0,108,353923610,1394758954,35.65655833,139.7997094
1,30,771,87,2,0,1,10060,0,108,354117109,1394801625,35.68808583,139.8004514
1,30,771,88,2,0,1,30000,0,108,354019343,1394857784,35.67203972,139.8160511
1,30,771,89,2,0,1,10020,0,108,353915331,1394749309,35.65425861,139.7970303
1,30,771,90,2,0,1,30000,0,108,354056246,1394850249,35.68229056,139.8139581
1,30,771,91,2,0,1,10370,0,108,354040529,1394825279,35.67792472,139.8070219
1,30,771,92,2,0,1,20680,0,108,354034332,1394747148,35.67620333,139.79643
1,30,771,93,2,0,1,20690,0,108,354059456,1394857832,35.68318222,139.8160644
1,30,771,94,2,0,1,21180,0,108,353852890,1394721742,35.648025,139.7893728
1,30,771,95,2,0,1,10060,0,108,354117275,1394802125,35.68813194,139.8005903
1,30,771,96,2,0,1,20680,0,108,354106197,1394754813,35.68505472,139.7985592
1,30,771,97,2,0,1,30000,0,108,353914655,1394759971,35.65407083,139.7999919
1,30,771,98,2,0,1,30000,0,108,354055649,1394803718,35.68212472,139.8010328
1,30,771,99,2,0,1,10350,0,108,354032448,1394845927,35.67568,139.8127575
1,30,771,100,2,0,1,20690,0,108,354026227,1394858633,35.67395194,139.8162869
1,30,771,101,2,0,1,10020,0,108,353911760,1394751214,35.65326667,139.7975594
1,30,771,102,2,0,1,30000,0,108,353958505,1394802425,35.66625139,139.8006736
1,30,771,103,2,0,1,30000,0,108,354003405,1394831106,35.6676125,139.8086406
1,30,771,104,2,0,1,20690,0,108,354003491,1394859208,35.66763639,139.8164467
1,30,771,105,2,0,1,30000,0,108,354022674,1394734525,35.672965,139.7929236
1,30,771,106,2,0,1,10350,0,108,354032360,1394844433,35.67565556,139.8123425
1,30,771,107,2,0,1,30000,0,108,353933482,1394803763,35.65930056,139.8010453
1,30,771,108,2,0,1,30000,0,108,353928187,1394804038,35.65782972,139.8011217
1,30,771,109,2,0,4,20680,0,108,354059775,1394755242,35.68327083,139.7986783
1,30,771,110,2,0,1,30000,0,108,353954320,1394810712,35.66508889,139.8029756
1,30,771,111,2,0,1,30000,0,108,354107160,1394753275,35.68532222,139.7981319
1,30,771,112,2,0,1,10350,0,108,354030065,1394744274,35.67501806,139.7956317
1,30,771,113,2,0,1,30000,0,108,353929534,1394806598,35.65820389,139.8018328
1,30,771,114,2,0,1,30000,0,108,354106986,1394740543,35.68527389,139.7945953
1,30,771,115,2,0,1,30000,0,108,354004286,1394748288,35.66785722,139.7967467
1,30,771,116,2,0,1,20690,0,108,354110351,1394857943,35.68620861,139.8160953
1,30,771,117,2,0,1,99000,0,108,353912925,1394804237,35.65359028,139.8011769
1,30,771,118,2,0,1,30000,0,108,353838727,1394659187,35.64409083,139.7831075
1,30,771,119,2,0,1,20690,0,108,354025835,1394858258,35.67384306,139.8161828
1,30,771,120,2,0,3,20690,0,108,354128702,1394855601,35.69130611,139.8154447
1,30,771,121,2,0,1,30000,0,108,353905075,1394746334,35.65140972,139.7962039
1,30,772,65,2,0,1,20660,0,108,354029754,1395034729,35.67493167,139.8429803
1,30,772,66,2,0,1,30000,0,108,354014618,1395006116,35.67072722,139.8350322
1,30,772,67,2,0,1,10060,0,108,354121169,1394922162,35.68921361,139.8228228
1,30,772,68,2,0,1,30000,0,108,354138301,1395016875,35.6939725,139.8380208
1,30,772,69,2,0,1,20650,0,108,354058670,1395008726,35.68296389,139.8357572
1,30,772,70,2,0,1,140,72,108,354152230,1395043222,35.69784167,139.8453394
1,30,772,71,2,0,1,30000,0,108,354149259,1395015719,35.69701639,139.8376997
1,30,772,72,2,0,2,20540,0,108,354036858,1394943228,35.676905,139.8286744
1,30,772,73,2,0,1,10350,0,108,354022016,1395007604,35.67278222,139.8354456
1,30,772,74,2,0,1,30000,0,108,354118393,1394942734,35.6884425,139.8285372
1,30,772,75,2,0,1,30000,0,108,354052600,1395020723,35.68127778,139.8390897
1,30,772,76,2,0,1,10090,0,108,353929888,1394926556,35.65830222,139.8240433
1,30,772,77,2,0,1,30000,0,108,354143478,1395041723,35.69541056,139.8449231
1,30,772,78,2,0,1,30000,0,108,354200641,1394924061,35.70017806,139.8233503
1,30,772,79,2,0,1,140,60,108,354149258,1394951647,35.69701611,139.8310131
1,30,772,80,2,0,1,30000,0,108,354157223,1394924191,35.69922861,139.8233864
1,30,772,81,2,0,3,140,59,108,354148636,1394944747,35.69684333,139.8290964
1,30,772,82,2,0,2,20540,0,108,354036267,1394945016,35.67674083,139.8291711
1,30,772,83,2,0,1,10350,0,108,354029423,1394935621,35.67483972,139.8265614
1,30,772,84,2,0,1,30000,0,108,354153242,1394910630,35.69812278,139.8196194
1,30,772,85,2,0,1,30000,0,108,354048878,1394925371,35.68024389,139.8237142
1,30,772,86,2,0,1,30000,0,108,354141293,1394958591,35.69480361,139.8329419
1,30,772,87,2,0,1,30000,0,108,354054073,1394957472,35.68168694,139.8326311
1,30,772,88,2,0,1,10090,0,108,354148058,1394932457,35.69668278,139.8256825
1,30,772,89,2,0,3,10060,0,108,354124164,1395015439,35.69004556,139.8376219
1,30,772,90,2,0,1,20660,0,108,354051230,1395039352,35.68089722,139.8442644
1,30,772,91,2,0,1,10090,0,108,353928874,1394926370,35.65802056,139.8239917
1,30,772,92,2,0,1,30000,0,108,354141094,1394952982,35.69474833,139.8313839
1,30,772,93,2,0,1,30000,0,108,354013452,1395001977,35.67040333,139.8338825
1,30,772,94,2,0,1,20650,0,108,354152066,1395002495,35.69779611,139.8340264
1,30,772,95,2,0,1,30000,0,108,354202014,1394957392,35.70055944,139.8326089
1,30,772,96,2,0,1,10350,0,108,354033344,1394912983,35.67592889,139.8202731
1,30,772,97,2,0,1,10090,0,108,353919403,1394927143,35.65538972,139.8242064
1,30,772,98,2,0,1,20530,0,108,354226815,1394911089,35.70744861,139.8197469
1,30,772,99,2,0,2,10350,0,108,354022591,1395004805,35.67294194,139.8346681
1,30,772,100,2,0,1,10090,0,108,354208424,1394932005,35.70234,139.8255569
1,30,772,101,2,0,2,10060,0,108,354121235,1394913526,35.68923194,139.8204239
1,30,69,132,2,0,2,50280,0,108,353845836,1394917117,35.64606556,139.8214214
1,30,69,134,2,0,3,50210,0,108,354135345,1394901447,35.69315139,139.8170686
1,30,69,150,2,0,1,50230,0,108,354037707,1394735468,35.67714083,139.7931856
1,30,69,158,2,0,1,50280,0,108,353846117,1394920812,35.64614361,139.8224478
1,30,69,186,2,0,1,50280,0,108,353838763,1394844956,35.64410083,139.8124878
1,30,113,67,1,1,0,10090,0,108,353903688,1394929353,35.65102444,139.8248203
1,30,113,68,1,1,1,20000,0,108,353834011,1394735410,35.64278083,139.7931694
1,30,113,69,2,0,1,85010,0,108,353836688,1394901214,35.64352444,139.8170039
1,30,113,71,2,0,1,85000,0,108,353731534,1394758564,35.62542611,139.7996011
1,30,113,72,2,0,1,3570,324,108,353729609,1394623000,35.62489139,139.7730556
1,30,113,73,2,0,1,30000,0,108,353827978,1394926034,35.641105,139.8238983
1,30,113,75,2,0,1,3570,0,108,353851489,1395033555,35.64763583,139.8426542
1,30,113,76,2,0,1,30000,0,108,353839532,1394758580,35.64431444,139.7996056
1,30,113,78,2,0,1,21180,0,108,353822140,1394722539,35.63948333,139.7895942
1,30,113,79,2,0,1,99000,0,108,353710378,1394631036,35.61954944,139.7752878
1,30,113,80,2,0,1,99000,0,108,353902191,1394828273,35.65060861,139.8078536
1,30,113,81,2,0,1,30000,0,108,353859643,1394809367,35.64990083,139.8026019
1,30,113,82,2,0,1,30000,0,108,353830402,1395006602,35.64177833,139.8351672
1,30,113,83,2,0,1,3570,0,108,353832547,1394820969,35.64237417,139.8058247
1,30,113,84,2,0,2,85010,0,108,353742747,1394718246,35.62854083,139.7884017
1,30,113,85,2,0,1,20000,0,108,353813886,1394649874,35.63719056,139.7805206
1,30,771,122,2,0,1,10040,0,108,354009928,1394810460,35.66942444,139.8029056
1,30,771,123,2,0,1,30000,0,108,354056560,1394735921,35.68237778,139.7933114
1,30,771,124,2,0,1,10060,0,108,354116717,1394756318,35.68797694,139.7989772
1,30,771,125,2,0,1,30000,0,108,354014683,1394852471,35.67074528,139.8145753
1,30,771,126,2,0,1,99000,0,108,354026224,1394910786,35.67395111,139.8196628
1,30,771,127,2,0,1,30000,0,108,353942223,1394813033,35.66172861,139.8036203
1,30,771,128,2,0,1,30000,0,108,353959404,1394859340,35.66650111,139.8164833
1,30,771,129,2,0,1,10370,0,108,354018069,1394822363,35.67168583,139.8062119
1,30,771,130,2,0,1,10040,0,108,354010264,1394821520,35.66951778,139.8059778
1,30,771,131,2,0,1,10040,0,108,354016938,1394749283,35.67137167,139.7970231
1,30,771,132,2,0,1,30000,0,108,353941815,1394742627,35.66161528,139.7951742
1,30,771,133,2,0,1,10020,0,108,353929461,1394734955,35.65818361,139.7930431
1,30,771,134,2,0,1,20540,0,108,354055632,1394803235,35.68212,139.8008986
1,30,771,135,2,0,1,30000,0,108,354015534,1394907405,35.67098167,139.8187236
1,30,771,136,2,0,1,30000,0,108,354052297,1394837870,35.68119361,139.8105194
1,30,771,137,2,0,1,30000,0,108,354041467,1394852295,35.67818528,139.8145264
1,30,771,138,2,0,1,30000,0,108,353942192,1394813224,35.66172,139.8036733
1,30,771,139,2,0,1,10060,0,108,354120485,1394901748,35.68902361,139.8171522
1,30,771,140,2,0,1,10040,0,108,354034131,1394718979,35.6761475,139.7886053
1,30,771,141,2,0,1,30000,0,108,353949617,1394850122,35.6637825,139.8139228
1,30,771,142,2,0,1,30000,0,108,353950934,1394811554,35.66414833,139.8032094
1,30,771,143,2,0,1,30000,0,108,353934659,1394856495,35.6596275,139.8156931
1,30,771,144,2,0,1,30000,0,108,353918937,1394800172,35.65526028,139.8000478
1,30,771,145,2,0,1,20000,0,108,353927455,1394804916,35.65762639,139.8013656
1,30,771,146,2,0,1,30000,0,108,354052220,1394749352,35.68117222,139.7970422
1,30,771,147,2,0,1,30000,0,108,354035660,1394852753,35.67657222,139.8146536
1,30,771,148,2,0,1,20690,0,108,354048842,1394857775,35.68023389,139.8160486
1,30,771,149,2,0,1,10370,0,108,353950886,1394818369,35.664135,139.8051025
1,30,771,150,2,0,1,10060,0,108,354116877,1394800462,35.68802139,139.8001283
1,30,771,151,2,0,1,10370,0,108,353939313,1394824997,35.66092028,139.8069436
1,30,771,152,2,0,2,10060,0,108,354121207,1394912596,35.68922417,139.8201656
1,30,771,153,2,0,1,10040,0,108,354028053,1394727450,35.67445917,139.7909583
1,30,771,154,2,0,1,10000,0,108,353957245,1394802144,35.66590139,139.8005956
1,30,771,155,2,0,1,30000,0,108,354014460,1394843668,35.67068333,139.81213
1,30,771,156,2,0,1,20540,0,108,354058899,1394854196,35.6830275,139.8150544
1,30,771,157,2,0,1,30000,0,108,354021018,1394818139,35.672505,139.8050386
1,30,771,158,2,0,1,30000,0,108,354124294,1394851940,35.69008167,139.8144278
1,30,771,159,2,0,1,30000,0,108,353922932,1394758246,35.65637,139.7995128
1,30,771,160,2,0,1,30000,0,108,353930634,1394807217,35.65850944,139.8020047
1,30,771,161,2,0,1,30000,0,108,354018857,1394841201,35.67190472,139.8114447
1,30,771,162,2,0,1,10370,0,108,354009386,1394821197,35.66927389,139.8058881
1,30,771,163,2,0,1,30000,0,108,354132303,1394859062,35.69230639,139.8164061
1,30,771,164,2,0,2,10020,0,108,353858794,1394714413,35.649665,139.7873369
1,30,771,165,2,0,1,10370,0,108,354030589,1394825144,35.67516361,139.8069844
1,30,771,166,2,0,1,10370,0,108,354048222,1394824646,35.68006167,139.8068461
1,30,771,167,2,0,1,20540,0,108,354057161,1394832504,35.68254472,139.8090289
1,30,771,168,2,0,1,20000,0,108,353849840,1394723087,35.64717778,139.7897464
1,30,771,169,2,0,1,30000,0,108,353925823,1394856625,35.65717306,139.8157292
1,30,771,170,2,0,1,30000,0,108,353931319,1394737344,35.65869972,139.7937067
1,30,771,171,2,0,1,20540,0,108,354054611,1394749461,35.68183639,139.7970725
1,30,771,172,2,0,1,30000,0,108,353945585,1394836196,35.6626625,139.8100544
1,30,771,173,2,0,1,30000,0,108,354104583,1394813035,35.68460639,139.8036208
1,30,771,174,2,0,1,21180,0,108,353847795,1394659256,35.64660972,139.7831267
1,30,771,175,2,0,1,30000,0,108,353950550,1394811726,35.66404167,139.8032572
1,30,771,176,2,0,1,10370,0,108,354058463,1394823493,35.68290639,139.8065258
1,30,771,177,2,0,1,10040,0,108,354031270,1394723032,35.67535278,139.7897311
1,30,771,178,2,0,3,10020,0,108,353913600,1394749681,35.65377778,139.7971336
1,30,771,179,2,0,1,30000,0,108,354031253,1394723755,35.67534806,139.7899319
1,30,772,102,2,0,2,10090,0,108,354159794,1394931643,35.69994278,139.8254564
1,30,772,103,2,0,1,10060,0,108,354124228,1395015722,35.69006333,139.8377006
1,30,772,104,2,0,1,20650,0,108,354207304,1395003634,35.70202889,139.8343428
1,30,772,105,2,0,2,10060,0,108,354123067,1395006118,35.68974083,139.8350328
1,30,772,106,2,0,1,20660,0,108,354111586,1395042734,35.68655167,139.8452039
1,30,772,107,2,0,1,10290,0,108,354206165,1394923476,35.7017125,139.8231878
1,30,772,108,2,0,1,30000,0,108,353957976,1395005167,35.66610444,139.8347686
1,30,772,109,2,0,1,30000,0,108,354140917,1395046022,35.69469917,139.8461172
1,30,772,110,2,0,1,140,60,108,354148533,1394949523,35.69681472,139.8304231
1,30,772,111,2,0,1,20540,0,108,354033582,1395012271,35.675995,139.8367419
1,30,772,112,2,0,1,99000,0,108,354117009,1394939617,35.68805806,139.8276714
1,30,772,113,2,0,1,30000,0,108,354110134,1395033368,35.68614833,139.8426022
1,30,772,114,2,0,1,20650,0,108,354152195,1395001733,35.69783194,139.8338147
1,30,772,115,2,0,1,10090,0,108,353934699,1394926530,35.65963861,139.8240361
1,30,772,116,2,0,2,10090,0,108,354112861,1394935959,35.68690583,139.8266553
1,30,772,117,2,0,1,10060,0,108,354124469,1395021639,35.69013028,139.8393442
1,30,772,118,2,0,2,30000,0,108,354051028,1394940891,35.68084111,139.8280253
1,30,772,119,2,0,1,99000,0,108,354020046,1394913076,35.672235,139.8202989
1,30,772,120,2,0,1,10060,0,108,354121023,1395010423,35.68917306,139.8362286
1,30,772,121,2,0,1,10090,0,108,354110220,1394935456,35.68617222,139.8265156
1,30,772,122,2,0,1,30000,0,108,353949305,1394918919,35.66369583,139.8219219
1,30,772,123,2,0,4,10090,0,108,353936486,1394925598,35.660135,139.8237772
1,30,772,124,2,0,1,30000,0,108,354129799,1395020102,35.69161083,139.8389172
1,30,772,125,2,0,1,10090,0,108,354044810,1394939124,35.67911389,139.8275344
1,30,772,126,2,0,1,10090,0,108,353923615,1394927419,35.65655972,139.8242831
1,30,772,127,2,0,1,140,60,108,354149027,1394950726,35.69695194,139.8307572
1,30,772,128,2,0,1,30000,0,108,354150446,1394924863,35.69734611,139.8235731
1,30,113,87,2,0,1,30000,0,108,353826668,1394924746,35.64074111,139.8235406
1,30,113,88,2,0,1,99000,0,108,353704767,1395001176,35.61799083,139.83366
1,30,113,89,2,0,1,85010,0,108,353727448,1394639345,35.62429111,139.7775958
1,30,113,90,2,0,1,85010,0,108,353632313,1394715400,35.60897583,139.7876111
1,30,113,91,2,0,1,10090,0,108,353917322,1394927604,35.65481167,139.8243344
1,30,113,92,2,0,1,99000,0,108,353843396,1394933634,35.64538778,139.8260094
1,30,113,94,2,0,1,85020,0,108,353557403,1394826551,35.59927861,139.8073753
1,30,113,96,2,0,1,95000,0,108,353835515,1394820939,35.64319861,139.8058164
1,30,113,98,2,0,1,30000,0,108,353824294,1395006131,35.64008167,139.8350364
1,30,113,99,2,0,1,30000,0,108,353843610,1394757341,35.64544722,139.7992614
1,30,113,100,2,0,1,85010,0,108,353857593,1394930211,35.64933139,139.8250586
1,30,113,101,2,0,1,3570,0,108,353828917,1394809848,35.64136583,139.8027356
1,30,113,102,2,0,1,10020,0,108,353837681,1394807244,35.64380028,139.8020122
1,30,113,103,2,0,1,30000,0,108,353831488,1394738361,35.64208,139.7939892
1,30,113,104,2,0,1,85010,0,108,353718352,1394730996,35.62176444,139.7919433
1,30,113,106,2,0,1,85010,0,108,353731709,1394638368,35.62547472,139.7773244
1,30,113,108,2,0,1,10020,0,108,353859364,1394804519,35.64982333,139.8012553
1,30,113,109,2,0,1,30000,0,108,353908688,1394850685,35.65241333,139.8140792
1,30,113,110,2,0,2,30000,0,108,353840445,1394932038,35.64456806,139.8255661
1,30,771,180,2,0,1,10370,0,108,353952006,1394819229,35.66444611,139.8053414
1,30,771,181,2,0,1,30000,0,108,354048189,1394833253,35.6800525,139.8092369
1,30,771,182,2,0,1,20680,0,108,354119924,1394753282,35.68886778,139.7981339
1,30,771,183,2,0,1,30000,0,108,353958542,1394758986,35.66626167,139.7997183
1,30,771,184,2,0,1,30000,0,108,353947863,1394838480,35.66329528,139.8106889
1,30,771,185,2,0,1,10020,0,108,353920993,1394741851,35.65583139,139.7949586
1,30,771,186,2,0,1,30000,0,108,354036043,1394903581,35.67667861,139.8176614
1,30,771,187,2,0,1,10350,0,108,354033295,1394911541,35.67591528,139.8198725
1,30,771,188,2,0,1,30000,0,108,354109619,1394837460,35.68600528,139.8104056
1,30,771,189,2,0,1,10350,0,108,354031677,1394819822,35.67546583,139.8055061
1,30,771,190,2,0,3,10040,0,108,354028693,1394725621,35.67463694,139.7904503
1,30,771,191,2,0,1,20690,0,108,354131086,1394856023,35.69196833,139.8155619
1,30,771,192,2,0,1,30000,0,108,353926369,1394906986,35.65732472,139.8186072
1,30,771,193,2,0,1,30000,0,108,354037902,1394841769,35.677195,139.8116025
1,30,771,194,2,0,1,30000,0,108,354021853,1394813475,35.67273694,139.8037431
1,30,771,195,2,0,1,30000,0,108,354113578,1394742740,35.687105,139.7952056
1,30,771,196,2,0,1,30000,0,108,354110208,1394857485,35.68616889,139.8159681
1,30,771,197,2,0,1,10350,0,108,354030908,1394757669,35.67525222,139.7993525
1,30,771,198,2,0,1,10370,0,108,354011900,1394821766,35.66997222,139.8060461
1,30,771,199,2,0,1,30000,0,108,354054142,1394903017,35.68170611,139.8175047
1,30,771,200,2,0,1,10370,0,108,353930875,1394829508,35.65857639,139.8081967
1,30,771,201,2,0,1,30000,0,108,354030853,1394742762,35.67523694,139.7952117
1,30,771,202,2,0,1,10350,0,108,354031105,1394820300,35.67530694,139.8056389
1,30,771,203,2,0,1,20690,0,108,354113088,1394857106,35.68696889,139.8158628
1,30,771,204,2,0,1,30000,0,108,354031579,1394723845,35.67543861,139.7899569
1,30,771,205,2,0,1,20540,0,108,354056801,1394822795,35.68244472,139.8063319
1,30,771,206,2,0,1,30000,0,108,354110843,1394801791,35.68634528,139.8004975
1,30,771,207,2,0,1,30000,0,108,353948529,1394750904,35.66348028,139.7974733
1,30,771,208,2,0,1,30000,0,108,353949807,1394820128,35.66383528,139.8055911
1,30,771,209,2,0,1,30000,0,108,353844953,1394728192,35.64582028,139.7911644
1,30,771,210,2,0,1,95000,0,108,354033178,1394912585,35.67588278,139.8201625
1,30,771,211,2,0,1,20000,0,108,353913220,1394744179,35.65367222,139.7956053
1,30,771,212,2,0,1,30000,0,108,354007844,1394838260,35.66884556,139.8106278
1,30,771,213,2,0,1,30000,0,108,354036168,1394741683,35.67671333,139.7949119
1,30,771,214,2,0,1,30000,0,108,353926332,1394828435,35.65731444,139.8078986
1,30,771,215,2,0,1,30000,0,108,354111971,1394812301,35.68665861,139.8034169
1,30,771,216,2,0,1,10370,0,108,354016919,1394822738,35.67136639,139.8063161
1,30,771,217,2,0,1,10040,0,108,354010570,1394806183,35.66960278,139.8017175
1,30,771,218,2,0,1,30000,0,108,354051106,1394901922,35.68086278,139.8172006
1,30,771,219,2,0,2,30000,0,108,354042100,1394724817,35.67836111,139.7902269
1,30,771,220,2,0,1,20690,0,108,354029782,1394857725,35.67493944,139.8160347
1,30,771,221,2,0,1,20000,0,108,353847360,1394659581,35.64648889,139.7832169
1,30,771,222,2,0,1,30000,0,108,353957941,1394810415,35.66609472,139.8028931
1,30,771,223,2,0,1,10040,0,108,354030399,1394723663,35.67511083,139.7899064
1,30,771,224,2,0,1,30000,0,108,353941957,1394742782,35.66165472,139.7952172
1,30,771,225,2,0,1,10370,0,108,354018335,1394822687,35.67175972,139.8063019
1,30,771,226,2,0,1,30000,0,108,354006922,1394810371,35.66858944,139.8028808
1,30,771,227,2,0,1,10040,0,108,354010113,1394901733,35.66947583,139.8171481
1,30,771,228,2,0,1,30000,0,108,354111398,1394821826,35.68649944,139.8060628
1,30,771,229,2,0,1,10370,0,108,354001323,1394818368,35.66703417,139.8051022
1,30,771,230,2,0,1,30000,0,108,354059299,1394803278,35.68313861,139.8009106
1,30,771,231,2,0,1,10040,0,108,354009934,1394819877,35.66942611,139.8055214
1,30,771,232,2,0,1,30000,0,108,354101636,1394813311,35.68378778,139.8036975
1,30,771,233,2,0,1,20000,0,108,353942291,1394812977,35.6617475,139.8036047
1,30,771,234,2,0,1,10060,0,108,354119154,1394837103,35.68865389,139.8103064
1,30,771,235,2,0,3,30000,0,108,354039937,1394847650,35.67776028,139.8132361
1,30,771,236,2,0,1,10040,0,108,354013320,1394757435,35.67036667,139.7992875
1,30,771,237,2,0,1,30000,0,108,353942914,1394814062,35.66192056,139.8039061
1,30,771,238,2,0,1,30000,0,108,354100341,1394840616,35.68342806,139.8112822
1,30,771,239,2,0,1,30000,0,108,353938361,1394800716,35.66065583,139.8001989
1,30,772,129,2,0,1,10090,0,108,354024700,1394935687,35.67352778,139.8265797
1,30,772,130,2,0,1,20650,0,108,354048324,1395005609,35.68009,139.8348914
1,30,772,131,2,0,2,10350,0,108,354024448,1394958678,35.67345778,139.8329661
1,30,772,132,2,0,1,30000,0,108,354005059,1394958688,35.66807194,139.8329689
1,30,772,133,2,0,1,10040,0,108,353956203,1395036858,35.66561194,139.8435717
1,30,772,134,2,0,1,30000,0,108,354030574,1394919187,35.67515944,139.8219964
1,30,772,135,2,0,1,10350,0,108,354019807,1395022684,35.67216861,139.8396344
1,30,772,136,2,0,1,10040,0,108,353957681,1395024452,35.6660225,139.8401256
1,30,772,137,2,0,1,10090,0,108,354153496,1394932435,35.69819333,139.8256764
1,30,772,138,2,0,1,30000,0,108,354047044,1394952906,35.67973444,139.8313628
1,30,772,139,2,0,1,10040,0,108,354011210,1394915534,35.66978056,139.8209817
1,30,772,140,2,0,1,10290,0,108,354205330,1394914410,35.70148056,139.8206694
1,30,772,141,2,0,1,140,60,108,354148547,1394950847,35.69681861,139.8307908
1,30,772,142,2,0,1,140,50,108,354146668,1394912320,35.69629667,139.8200889
1,30,772,143,2,0,1,30000,0,108,354142450,1394911893,35.695125,139.8199703
1,30,772,144,2,0,1,30000,0,108,354005137,1394959845,35.66809361,139.8332903
1,30,772,145,2,0,1,10350,0,108,354032465,1394922470,35.67568472,139.8229083
1,30,772,146,2,0,1,140,60,108,354148381,1394948787,35.6967725,139.8302186
1,30,772,147,2,0,1,30000,0,108,354104504,1395031198,35.68458444,139.8419994
1,30,772,148,2,0,2,10090,0,108,354129015,1394934272,35.69139306,139.8261867
1,30,772,149,2,0,1,10090,0,108,354159803,1394931518,35.69994528,139.8254217
1,30,772,150,2,0,1,30000,0,108,354101495,1394929448,35.68374861,139.8248467
1,30,772,151,2,0,1,30000,0,108,354028012,1395037416,35.67444778,139.8437267
1,30,772,152,2,0,1,10350,0,108,354033405,1394915180,35.67594583,139.8208833
1,30,772,153,2,0,1,30000,0,108,353948907,1394920843,35.66358528,139.8224564
1,30,772,154,2,0,1,30000,0,108,354153092,1394924272,35.69808111,139.8234089
1,30,772,155,2,0,1,30000,0,108,354050184,1394919606,35.68060667,139.8221128
1,30,772,156,2,0,1,30000,0,108,354028325,1395011446,35.67453472,139.8365128
1,30,772,157,2,0,1,10040,0,108,354011967,1394933712,35.66999083,139.8260311
1,30,772,158,2,0,1,30000,0,108,354216331,1394920345,35.70453639,139.8223181
1,30,772,159,2,0,1,10090,0,108,354050617,1394939565,35.68072694,139.8276569
1,30,772,160,2,0,1,30000,0,108,354152661,1394952775,35.69796139,139.8313264
1,30,772,161,2,0,1,10090,0,108,354023275,1394935136,35.67313194,139.8264267
1,30,772,162,2,0,1,10090,0,108,354141579,1394933091,35.69488306,139.8258586
1,30,772,163,2,0,1,10040,0,108,353958690,1395005307,35.66630278,139.8348075
1,30,772,164,2,0,1,30000,0,108,354020935,1394913553,35.67248194,139.8204314
1,30,772,165,2,0,1,10060,0,108,354123497,1395010192,35.68986028,139.8361644
1,30,772,166,2,0,1,140,54,108,354147579,1394925725,35.69654972,139.8238125
1,30,772,167,2,0,1,10090,0,108,354019801,1394934394,35.67216694,139.8262206
1,30,113,114,2,0,1,30000,0,108,353752929,1394700599,35.63136917,139.7834997
1,30,113,115,2,0,1,3570,0,108,353851742,1395024940,35.64770611,139.8402611
1,30,113,117,2,0,1,30000,0,108,353835042,1394734570,35.64306722,139.7929361
1,30,113,118,2,0,1,3570,0,108,353823919,1394758931,35.6399775,139.7997031
1,30,113,119,2,0,1,10020,0,108,353844260,1394807226,35.64562778,139.8020072
1,30,113,120,2,0,1,99000,0,108,353831534,1394815078,35.64209278,139.8041883
1,30,113,121,2,0,1,10370,0,108,353911080,1394841773,35.65307778,139.8116036
1,30,113,122,2,0,1,10020,0,108,353845115,1394807121,35.64586528,139.8019781
1,30,113,123,2,0,1,85010,0,108,353822431,1395011956,35.63956417,139.8366544
1,30,113,125,2,0,1,85010,0,108,353805882,1395011563,35.63496722,139.8365453
1,30,113,126,2,0,1,3570,0,108,353846662,1394932157,35.646295,139.8255992
1,30,771,240,2,0,1,30000,0,108,353908633,1394741801,35.65239806,139.7949447
1,30,771,241,2,0,1,10040,0,108,354010547,1394906739,35.66959639,139.8185386
1,30,771,242,2,0,1,10060,0,108,354118020,1394816562,35.68833889,139.8046006
1,30,771,243,2,0,1,30000,0,108,354020710,1394756786,35.67241944,139.7991072
1,30,771,244,2,0,1,10040,0,108,354028033,1394726136,35.67445361,139.7905933
1,30,771,245,2,0,1,10060,0,108,354120040,1394853058,35.6889,139.8147383
1,30,771,246,2,0,1,30000,0,108,354111853,1394849591,35.68662583,139.8137753
1,30,771,247,2,0,1,10370,0,108,354004555,1394819781,35.66793194,139.8054947
1,30,771,248,2,0,1,20680,0,108,354004865,1394721739,35.66801806,139.7893719
1,30,771,249,2,0,1,30000,0,108,354004956,1394757457,35.66804333,139.7992936
1,30,771,250,2,0,1,20540,0,108,354059117,1394902852,35.68308806,139.8174589
1,30,771,251,2,0,1,30000,0,108,354043281,1394724991,35.67868917,139.7902753
1,30,771,252,2,0,1,30000,0,108,353922688,1394815220,35.65630222,139.8042278
1,30,771,253,2,0,1,30000,0,108,354006218,1394838489,35.66839389,139.8106914
1,30,771,254,2,0,1,20690,0,108,354131132,1394856007,35.69198111,139.8155575
1,30,771,255,2,0,1,30000,0,108,354053269,1394844345,35.68146361,139.8123181
1,30,771,256,2,0,1,30000,0,108,353925693,1394817382,35.65713694,139.8048283
1,30,771,257,2,0,1,20690,0,108,354019523,1394858690,35.67208972,139.8163028
1,30,771,258,2,0,1,20000,0,108,353853647,1394721392,35.64823528,139.7892756
1,30,771,259,2,0,1,21180,0,108,353851849,1394657111,35.64773583,139.7825308
1,30,771,260,2,0,1,10060,0,108,354116851,1394747643,35.68801417,139.7965675
1,30,771,261,2,0,1,90000,0,108,353944005,1394843435,35.66222361,139.8120653
1,30,771,262,2,0,1,30000,0,108,354022030,1394849134,35.67278611,139.8136483
1,30,771,263,2,0,1,10370,0,108,353926061,1394833733,35.65723917,139.8093703
1,30,771,264,2,0,1,10040,0,108,354034526,1394715776,35.67625722,139.7877156
1,30,771,265,2,0,1,30000,0,108,354118720,1394849152,35.68853333,139.8136533
1,30,771,266,2,0,1,10370,0,108,354001543,1394818731,35.66709528,139.8052031
1,30,771,267,2,0,1,30000,0,108,354114923,1394853010,35.68747861,139.814725
1,30,771,268,2,0,2,99000,0,108,353913748,1394810013,35.65381889,139.8027814
1,30,771,269,2,0,1,30000,0,108,354102096,1394910076,35.68391556,139.8194656
1,30,771,270,2,0,1,20680,0,108,354045249,1394756041,35.67923583,139.7989003
1,30,771,271,2,0,2,10040,0,108,354009684,1394838205,35.66935667,139.8106125
1,30,771,272,2,0,1,10040,0,108,354010693,1394809922,35.66963694,139.8027561
1,30,771,273,2,0,1,99000,0,108,354101117,1394841323,35.68364361,139.8114786
1,30,771,274,2,0,1,30000,0,108,354111243,1394912388,35.68645639,139.8201078
1,30,771,275,2,0,1,10040,0,108,354009867,1394817479,35.6694075,139.8048553
1,30,771,276,2,0,1,30000,0,108,354109665,1394839736,35.68601806,139.8110378
1,30,771,277,2,0,1,30000,0,108,354106870,1394826975,35.68524167,139.8074931
1,30,771,278,2,0,1,20540,0,108,354121832,1394753655,35.68939778,139.7982375
1,30,771,279,2,0,1,10040,0,108,354028082,1394726169,35.67446722,139.7906025
1,30,771,280,2,0,1,30000,0,108,353936328,1394737456,35.66009111,139.7937378
1,30,771,281,2,0,1,30000,0,108,353925182,1394748509,35.656995,139.7968081
1,30,771,282,2,0,1,30000,0,108,353924937,1394832182,35.65692694,139.8089394
1,30,771,283,2,0,1,30000,0,108,354052479,1394816232,35.68124417,139.8045089
1,30,771,284,2,0,1,10040,0,108,354010038,1394820843,35.669455,139.8057897
1,30,771,285,2,0,1,20690,0,108,354121053,1394856200,35.68918139,139.8156111
1,30,771,286,2,0,1,30000,0,108,354109601,1394839805,35.68600028,139.8110569
1,30,771,287,2,0,1,20000,0,108,353941901,1394813292,35.66163917,139.8036922
1,30,771,288,2,0,1,10020,0,108,353920732,1394742755,35.65575889,139.7952097
1,30,771,289,2,0,1,10040,0,108,354010521,1394857367,35.66958917,139.8159353
1,30,771,290,2,0,1,10370,0,108,354034827,1394825106,35.67634083,139.8069739
1,30,771,291,2,0,1,10370,0,108,353925884,1394834778,35.65719,139.8096606
1,30,771,292,2,0,1,20680,0,108,354044389,1394754876,35.67899694,139.7985767
1,30,771,293,2,0,1,30000,0,108,354014143,1394804655,35.67059528,139.8012931
1,30,771,294,2,0,1,10370,0,108,354021015,1394822415,35.67250417,139.8062264
1,30,771,295,2,0,1,10040,0,108,354026585,1394729652,35.67405139,139.79157
1,30,771,296,2,0,1,10040,0,108,354012246,1394800129,35.67006833,139.8000358
1,30,772,168,2,0,1,30000,0,108,354126578,1395001452,35.69071611,139.8337367
1,30,772,169,2,0,1,20650,0,108,354023967,1394958849,35.67332417,139.8330136
1,30,772,170,2,0,1,20660,0,108,354127889,1395040026,35.69108028,139.8444517
1,30,772,171,2,0,1,10060,0,108,354121664,1394935702,35.68935111,139.8265839
1,30,772,172,2,0,1,20650,0,108,354029641,1394959806,35.67490028,139.8332794
1,30,772,173,2,0,2,10090,0,108,354124182,1394934625,35.69005056,139.8262847
1,30,772,174,2,0,1,20660,0,108,354022775,1395033477,35.67299306,139.8426325
1,30,772,175,2,0,1,30000,0,108,354008231,1394919292,35.66895306,139.8220256
1,30,772,176,2,0,1,20540,0,108,354052528,1394919899,35.68125778,139.8221942
1,30,772,177,2,0,1,30000,0,108,354119746,1394959817,35.68881833,139.8332825
1,30,772,178,2,0,1,20660,0,108,354023283,1395033184,35.67313417,139.8425511
1,30,772,179,2,0,1,30000,0,108,354206678,1395011014,35.701855,139.8363928
1,30,772,180,2,0,1,30000,0,108,354123549,1395021870,35.68987472,139.8394083
1,30,772,181,2,0,1,10060,0,108,354121355,1394931877,35.68926528,139.8255214
1,30,772,182,2,0,1,10350,0,108,354026268,1394947809,35.67396333,139.8299469
1,30,772,183,2,0,1,10290,0,108,354206213,1394952862,35.70172583,139.8313506
1,30,772,184,2,0,1,10090,0,108,354106770,1394935608,35.68521389,139.8265578
1,30,772,185,2,0,1,20650,0,108,354052809,1395007591,35.68133583,139.8354419
1,30,772,186,2,0,1,140,64,108,354149188,1395001553,35.69699667,139.8337647
1,30,772,187,2,0,1,10350,0,108,354019141,1395025042,35.67198361,139.8402894
1,30,772,188,2,0,2,20650,0,108,354150566,1395002435,35.69737944,139.8340097
1,30,772,189,2,0,2,10040,0,108,353959700,1395003306,35.66658333,139.8342517
1,30,772,190,2,0,1,10090,0,108,354123848,1394934549,35.68995778,139.8262636
1,30,772,191,2,0,1,30000,0,108,354126010,1394943491,35.69055833,139.8287475
1,30,772,192,2,0,1,30000,0,108,354045520,1395016718,35.67931111,139.8379772
1,30,772,193,2,0,2,10040,0,108,354005002,1394946737,35.66805611,139.8296492
1,30,772,194,2,0,1,140,64,108,354150047,1395005685,35.69723528,139.8349125
1,30,772,195,2,0,1,10090,0,108,354113508,1394935903,35.68708556,139.8266397
1,30,772,196,2,0,1,10090,0,108,354113198,1394934839,35.68699944,139.8263442
1,30,772,197,2,0,1,30000,0,108,354024413,1395010044,35.67344806,139.8361233
1,30,772,198,2,0,1,30000,0,108,354126565,1394954745,35.6907125,139.8318736
1,30,772,199,2,0,1,30000,0,108,354040676,1395014089,35.67796556,139.8372469
1,30,772,200,2,0,1,30000,0,108,354056809,1394923339,35.68244694,139.8231497
1,30,772,201,2,0,1,99000,0,108,354137197,1394929248,35.69366583,139.8247911
1,30,772,202,2,0,1,30000,0,108,354049370,1395021344,35.68038056,139.8392622
1,30,772,203,2,0,1,95000,0,108,354021675,1395036332,35.6726875,139.8434256
1,30,772,204,2,0,1,30000,0,108,354047757,1394919379,35.6799325,139.8220497
1,30,772,205,2,0,1,20660,0,108,354140847,1395036220,35.69467972,139.8433944
1,30,772,206,2,0,1,10090,0,108,354121342,1394935025,35.68926167,139.8263958
1,30,772,207,2,0,1,30000,0,108,353948822,1395034384,35.66356167,139.8428844
1,30,772,208,2,0,1,30000,0,108,354048859,1394952616,35.68023861,139.8312822
1,30,772,209,2,0,1,20660,0,108,354140053,1395036686,35.69445917,139.8435239
1,30,772,210,2,0,1,10090,0,108,354218432,1394932808,35.70512,139.82578
1,30,772,211,2,0,1,20650,0,108,354123935,1395008359,35.68998194,139.8356553
1,30,772,212,2,0,1,10720,0,108,353957806,1395017020,35.66605722,139.8380611
1,30,772,213,2,0,1,30000,0,108,354044941,1395026127,35.67915028,139.8405908
1,30,772,214,2,0,2,10290,0,108,354206480,1394937063,35.7018,139.8269619
1,30,772,215,2,0,1,30000,0,108,354213472,1394917736,35.70374222,139.8215933
1,30,69,285,2,0,1,50280,0,108,353847448,1394934869,35.64651333,139.8263525
1,30,69,287,2,0,1,50280,0,108,353806134,1394729733,35.63503722,139.7915925
1,30,69,311,2,0,1,50210,0,108,354135662,1394908531,35.69323944,139.8190364
1,30,69,313,2,0,2,50240,0,108,353957103,1394818881,35.66586194,139.8052447
1,30,113,128,1,1,0,85010,0,108,353623748,1394720184,35.60659667,139.78894
1,30,113,129,2,0,1,85010,0,108,353710111,1394631353,35.61947528,139.7753758
1,30,113,130,2,0,2,85010,0,108,353749851,1395010163,35.63051417,139.8361564
1,30,113,131,2,0,1,30000,0,108,353842097,1394948842,35.64502694,139.8302339
1,30,113,135,2,0,1,20000,0,108,353813253,1394650943,35.63701472,139.7808175
1,30,113,136,2,0,1,30000,0,108,353911970,1394830518,35.653325,139.8084772
1,30,113,139,2,0,1,10020,0,108,353843066,1394806755,35.64529611,139.8018764
1,30,113,140,2,0,1,30000,0,108,353823024,1394923075,35.63972889,139.8230764
1,30,113,141,2,0,1,30000,0,108,353845221,1394844041,35.64589472,139.8122336
1,30,113,143,2,0,1,10370,0,108,353907553,1394841545,35.65209806,139.8115403
1,30,113,145,2,0,1,30000,0,108,353832709,1394857334,35.64241917,139.8159261
1,30,771,297,2,0,2,30000,0,108,353920346,1394752537,35.65565167,139.7979269
1,30,771,298,2,0,1,10020,0,108,353931761,1394725545,35.6588225,139.7904292
1,30,771,299,2,0,1,10370,0,108,353920754,1394840089,35.655765,139.8111358
1,30,771,300,2,0,1,10370,0,108,353951077,1394819659,35.66418806,139.8054608
1,30,771,301,2,0,1,10060,0,108,354116266,1394735633,35.68785167,139.7932314
1,30,771,302,2,0,1,30000,0,108,354049051,1394856119,35.68029194,139.8155886
1,30,771,303,2,0,1,30000,0,108,354053973,1394845937,35.68165917,139.8127603
1,30,771,304,2,0,1,30000,0,108,354007461,1394802021,35.66873917,139.8005614
1,30,771,305,2,0,1,30000,0,108,353958660,1394808438,35.66629444,139.8023439
1,30,771,306,2,0,1,10370,0,108,353947135,1394820108,35.66309306,139.8055856
1,30,771,307,2,0,1,20000,0,108,353838383,1394700469,35.64399528,139.7834636
1,30,771,308,2,0,1,30000,0,108,354039997,1394812572,35.67777694,139.8034922
1,30,771,309,2,0,1,10060,0,108,354117396,1394808207,35.68816556,139.8022797
1,30,771,310,2,0,1,10370,0,108,354010059,1394821711,35.66946083,139.8060308
1,30,771,311,2,0,1,30000,0,108,354027062,1394904169,35.67418389,139.8178247
1,30,771,312,2,0,2,10370,0,108,354110552,1394822232,35.68626444,139.8061756
1,30,771,313,2,0,1,30000,0,108,353926049,1394906921,35.65723583,139.8185892
1,30,771,314,2,0,1,20690,0,108,354033675,1394857568,35.67602083,139.8159911
1,30,771,315,2,0,1,30000,0,108,354046340,1394909524,35.67953889,139.8193122
1,30,771,316,2,0,1,30000,0,108,354053344,1394834848,35.68148444,139.80968
1,30,771,317,2,0,1,30000,0,108,354032556,1394810062,35.67571,139.802795
1,30,771,318,2,0,1,10020,0,108,353915003,1394747982,35.6541675,139.7966617
1,30,771,319,2,0,1,30000,0,108,353849865,1394722169,35.64718472,139.7894914
1,30,771,320,2,0,1,10040,0,108,354010081,1394823285,35.66946694,139.8064681
1,30,771,321,2,0,1,30000,0,108,353947549,1394748664,35.66320806,139.7968511
1,30,771,322,2,0,2,20000,0,108,353915616,1394801546,35.65433778,139.8004294
1,30,771,323,2,0,1,30000,0,108,354038533,1394730821,35.67737028,139.7918947
1,30,771,324,2,0,1,10040,0,108,354010098,1394856671,35.66947167,139.8157419
1,30,771,325,2,0,1,30000,0,108,354009668,1394738074,35.66935222,139.7939094
1,30,771,326,2,0,1,20690,0,108,354111417,1394857416,35.68650472,139.8159489
1,30,771,327,2,0,1,30000,0,108,354056766,1394825748,35.682435,139.8071522
1,30,771,328,2,0,2,10370,0,108,354014435,1394822227,35.67067639,139.8061742
1,30,771,329,2,0,1,10020,0,108,353932101,1394731866,35.65891694,139.792185
1,30,771,330,2,0,1,10020,0,108,353911976,1394751628,35.65332667,139.7976744
1,30,771,331,2,0,1,30000,0,108,353922269,1394743806,35.65618583,139.7955017
1,30,771,332,2,0,1,30000,0,108,354024908,1394728487,35.67358556,139.7912464
1,30,771,333,2,0,1,21180,0,108,353848052,1394659046,35.64668111,139.7830683
1,30,771,334,2,0,1,30000,0,108,354057026,1394914414,35.68250722,139.8206706
1,30,771,335,2,0,1,10040,0,108,354010469,1394817840,35.66957472,139.8049556
1,30,771,336,2,0,2,20000,0,108,353919645,1394753276,35.65545694,139.7981322
1,30,771,337,2,0,1,10040,0,108,354019357,1394743808,35.67204361,139.7955022
1,30,771,338,2,0,1,30000,0,108,354031880,1394741238,35.67552222,139.7947883
1,30,771,339,2,0,1,20000,0,108,353925089,1394759409,35.65696917,139.7998358
1,30,771,340,2,0,1,10040,0,108,354011408,1394803353,35.66983556,139.8009314
1,30,771,341,2,0,1,10370,0,108,353941437,1394823106,35.66151028,139.8064183
1,30,771,342,2,0,1,20690,0,108,354034694,1394857535,35.67630389,139.8159819
1,30,771,343,2,0,1,10060,0,108,354117379,1394809119,35.68816083,139.8025331
1,30,771,344,2,0,1,20000,0,108,353853258,1394720796,35.64812722,139.78911
1,30,771,345,2,0,1,30000,0,108,354005047,1394801280,35.66806861,139.8003556
1,30,771,346,2,0,1,21180,0,108,353850068,1394658800,35.64724111,139.783
1,30,771,347,2,0,1,30000,0,108,353943330,1394756921,35.66203611,139.7991447
1,30,771,348,2,0,1,10350,0,108,354032483,1394859219,35.67568972,139.8164497
1,30,771,349,2,0,1,20000,0,108,353928020,1394805665,35.65778333,139.8015736
1,30,771,350,2,0,1,30000,0,108,354009399,1394810238,35.6692775,139.8028439
1,30,771,351,2,0,1,30000,0,108,353922183,1394828009,35.65616194,139.8077803
1,30,771,352,2,0,1,10370,0,108,354030612,1394824529,35.67517,139.8068136
1,30,771,353,2,0,1,30000,0,108,353844198,1394708605,35.64561056,139.7857236
1,30,771,354,2,0,2,10060,0,108,354120561,1394902488,35.68904472,139.8173578
1,30,771,355,2,0,1,10040,0,108,354010483,1394910608,35.66957861,139.8196133
1,30,771,356,2,0,2,10370,0,108,353947221,1394819794,35.66311694,139.8054983
1,30,772,216,2,0,2,140,73,108,354152488,1395040604,35.69791333,139.8446122
1,30,772,217,2,0,1,10090,0,108,354130717,1394934197,35.69186583,139.8261658
1,30,772,218,2,0,1,10090,0,108,354112433,1394935278,35.68678694,139.8264661
1,30,772,219,2,0,1,20650,0,108,354206778,1395004875,35.70188278,139.8346875
1,30,772,220,2,0,1,20650,0,108,354036070,1395002244,35.67668611,139.8339567
1,30,772,221,2,0,1,30000,0,108,354000995,1395013607,35.66694306,139.8371131
1,30,772,222,2,0,1,140,59,108,354147783,1394943821,35.69660639,139.8288392
1,30,772,223,2,0,1,30000,0,108,354136514,1394954060,35.69347611,139.8316833
1,30,772,224,2,0,1,30000,0,108,354052312,1394930975,35.68119778,139.8252708
1,30,772,225,2,0,1,30000,0,108,354034804,1394919882,35.67633444,139.8221894
1,30,772,226,2,0,1,10090,0,108,354121053,1394934975,35.68918139,139.8263819
1,30,772,227,2,0,1,20650,0,108,354106192,1395011035,35.68505333,139.8363986
1,30,772,228,2,0,1,20660,0,108,354021388,1395010801,35.67260778,139.8363336
1,30,772,229,2,0,1,99000,0,108,354018963,1395036625,35.67193417,139.8435069
1,30,772,230,2,0,1,30000,0,108,354147992,1394952627,35.69666444,139.8312853
1,30,772,231,2,0,1,10090,0,108,354042608,1394938665,35.67850222,139.8274069
1,30,772,232,2,0,1,10040,0,108,354002416,1394955120,35.66733778,139.8319778
1,30,772,233,2,0,1,10060,0,108,354121983,1394949634,35.68943972,139.8304539
1,30,772,234,2,0,1,30000,0,108,354018191,1395001616,35.67171972,139.8337822
1,30,772,235,2,0,1,10090,0,108,354121107,1394934651,35.68919639,139.8262919
1,30,772,236,2,0,1,10350,0,108,354032760,1394918093,35.67576667,139.8216925
1,30,772,237,2,0,1,30000,0,108,354200124,1394943400,35.70003444,139.8287222
1,30,772,238,2,0,1,10090,0,108,354110395,1394935648,35.68622083,139.8265689
1,30,772,239,2,0,1,20650,0,108,354003722,1394951188,35.66770056,139.8308856
1,30,772,240,2,0,1,140,56,108,354147940,1394932457,35.69665,139.8256825
1,30,772,241,2,0,1,10090,0,108,354109178,1394935529,35.68588278,139.8265358
1,30,772,242,2,0,1,10090,0,108,354036602,1394937186,35.67683389,139.8269961
1,30,772,243,2,0,1,99000,0,108,354013498,1394924272,35.67041611,139.8234089
1,30,772,244,2,0,1,140,61,108,354149428,1394954265,35.69706333,139.8317403
1,30,772,245,2,0,1,10090,0,108,354115130,1394935024,35.68753611,139.8263956
1,30,772,246,2,0,1,30000,0,108,354106184,1395005824,35.68505111,139.8349511
1,30,772,247,2,0,1,30000,0,108,353957293,1395034634,35.66591472,139.8429539
1,30,772,248,2,0,1,10090,0,108,354207874,1394931489,35.70218722,139.8254136
1,30,772,249,2,0,1,30000,0,108,354210181,1395005754,35.70282806,139.8349317
1,30,772,250,2,0,1,140,64,108,354149181,1395003663,35.69699472,139.8343508
1,30,772,251,2,0,1,30000,0,108,354133327,1395015056,35.69259083,139.8375156
1,30,772,252,2,0,2,10060,0,108,354126495,1395038593,35.69069306,139.8440536
1,30,772,253,2,0,1,140,51,108,354146480,1394912896,35.69624444,139.8202489
1,30,772,254,2,0,1,10290,0,108,354206324,1394923765,35.70175667,139.8232681
1,30,772,255,2,0,1,10040,0,108,354004321,1394948689,35.66786694,139.8301914
1,30,772,256,2,0,1,10060,0,108,354123358,1395004269,35.68982167,139.8345192
1,30,772,257,2,0,2,10290,0,108,354206252,1394931898,35.70173667,139.8255272
1,30,69,336,2,0,1,50280,0,108,353840437,1394850066,35.64456583,139.8139072
1,30,69,358,2,0,2,50280,0,108,353836610,1394838614,35.64350278,139.8107261
1,30,69,361,2,0,1,50280,0,108,353800194,1394719637,35.63338722,139.7887881
1,30,69,367,2,0,2,50210,0,108,354136314,1394922595,35.69342056,139.8229431
1,30,113,147,2,0,1,85010,0,108,353823508,1395012851,35.63986333,139.8369031
1,30,113,148,2,0,2,3570,301,108,353811720,1394736116,35.63658889,139.7933656
1,30,113,149,2,0,1,30000,0,108,353808229,1394655642,35.63561917,139.7821228
1,30,113,151,2,0,2,3570,0,108,353821473,1394759321,35.63929806,139.7998114
1,30,113,155,2,0,1,30000,0,108,353839223,1394755345,35.64422861,139.7987069
1,30,113,156,2,0,1,10020,0,108,353858822,1394804109,35.64967278,139.8011414
1,30,113,157,2,0,1,85010,0,108,353722762,1395006001,35.62298944,139.8350003
1,30,113,159,2,0,1,85000,0,108,353750512,1394732406,35.63069778,139.792335
1,30,113,160,2,0,1,95000,0,108,353746247,1394708238,35.62951306,139.7856217
1,30,113,161,2,0,2,30000,0,108,353834466,1394734598,35.64290722,139.7929439
1,30,113,162,2,0,1,85000,0,108,353740030,1394752606,35.62778611,139.7979461
1,30,113,164,2,0,1,85000,0,108,353725720,1394647051,35.62381111,139.7797364
1,30,771,357,2,0,1,10040,0,108,354030464,1394723345,35.67512889,139.7898181
1,30,771,358,2,0,1,30000,0,108,354002880,1394748594,35.66746667,139.7968317
1,30,771,359,2,0,1,10370,0,108,353951235,1394818039,35.66423194,139.8050108
1,30,771,360,2,0,1,10350,0,108,354032851,1394853074,35.67579194,139.8147428
1,30,771,361,2,0,1,30000,0,108,353852314,1394722097,35.647865,139.7894714
1,30,771,362,2,0,1,30000,0,108,354049077,1394825224,35.68029917,139.8070067
1,30,771,363,2,0,1,30000,0,108,353959575,1394859904,35.66654861,139.81664
1,30,771,364,2,0,1,30000,0,108,353911166,1394739473,35.65310167,139.7942981
1,30,771,365,2,0,1,95000,0,108,354101825,1394814128,35.68384028,139.8039244
1,30,771,366,2,0,1,10370,0,108,354052545,1394823963,35.6812625,139.8066564
1,30,771,367,2,0,1,30000,0,108,354058966,1394813187,35.68304611,139.8036631
1,30,771,368,2,0,2,30000,0,108,354044827,1394736702,35.67911861,139.7935283
1,30,771,369,2,0,1,10060,0,108,354116921,1394737398,35.68803361,139.7937217
1,30,771,370,2,0,1,20000,0,108,353836274,1394655238,35.64340944,139.7820106
1,30,771,371,2,0,1,10040,0,108,354010551,1394811094,35.6695975,139.8030817
1,30,771,372,2,0,1,10040,0,108,354009631,1394823108,35.66934194,139.8064189
1,30,771,373,2,0,1,30000,0,108,353833732,1394640325,35.64270333,139.7778681
1,30,771,374,2,0,1,30000,0,108,353916163,1394735210,35.65448972,139.7931139
1,30,771,375,2,0,1,10370,0,108,354008425,1394819523,35.66900694,139.8054231
1,30,771,376,2,0,1,21180,0,108,353842230,1394705866,35.64506389,139.7849628
1,30,771,377,2,0,1,30000,0,108,354101244,1394740948,35.68367889,139.7947078
1,30,771,378,2,0,1,99000,0,108,354125548,1394859732,35.69043,139.8165922
1,30,771,379,2,0,1,20680,0,108,354028453,1394746123,35.67457028,139.7961453
1,30,771,380,2,0,1,20690,0,108,354011542,1394859321,35.66987278,139.8164781
1,30,771,381,2,0,1,10350,0,108,354027271,1394733734,35.67424194,139.7927039
1,30,771,382,2,0,1,30000,0,108,354111549,1394839624,35.68654139,139.8110067
1,30,771,383,2,0,1,30000,0,108,353947782,1394835441,35.66327278,139.8098447
1,30,771,384,2,0,1,30000,0,108,354117039,1394736107,35.68806639,139.7933631
1,30,771,385,2,0,1,10370,0,108,354011206,1394821614,35.66977944,139.8060039
1,30,771,386,2,0,1,10060,0,108,354116589,1394738542,35.68794139,139.7940394
1,30,771,387,2,0,1,20690,0,108,354112110,1394857113,35.68669722,139.8158647
1,30,771,388,2,0,1,21180,0,108,353845141,1394701966,35.6458725,139.7838794
1,30,771,389,2,0,1,30000,0,108,354059570,1394813468,35.68321389,139.8037411
1,30,771,390,2,0,1,20540,0,108,354054979,1394756238,35.68193861,139.798955
1,30,771,391,2,0,1,10040,0,108,354010896,1394808540,35.66969333,139.8023722
1,30,771,392,2,0,1,30000,0,108,354052891,1394825859,35.68135861,139.8071831
1,30,771,393,2,0,1,20000,0,108,353931853,1394811313,35.65884806,139.8031425
1,30,771,394,2,0,1,10060,0,108,354120605,1394856554,35.68905694,139.8157094
1,30,771,395,2,0,1,99000,0,108,353917525,1394804087,35.65486806,139.8011353
1,30,771,396,2,0,1,10370,0,108,354056129,1394823476,35.68225806,139.8065211
1,30,771,397,2,0,1,10060,0,108,354120777,1394858679,35.68910472,139.8162997
1,30,771,398,2,0,1,30000,0,108,353939704,1394738320,35.66102889,139.7939778
1,30,771,399,2,0,1,20680,0,108,354028259,1394746239,35.67451639,139.7961775
1,30,771,400,2,0,1,30000,0,108,353914750,1394746171,35.65409722,139.7961586
1,30,771,401,2,0,1,30000,0,108,354013284,1394744665,35.67035667,139.7957403
1,30,771,402,2,0,1,20690,0,108,354018336,1394858400,35.67176,139.8162222
1,30,771,403,2,0,1,30000,0,108,354056797,1394841047,35.68244361,139.8114019
1,30,771,404,2,0,1,30000,0,108,354107945,1394812852,35.68554028,139.80357
1,30,771,405,2,0,1,10040,0,108,354020655,1394742211,35.67240417,139.7950586
1,30,771,406,2,0,1,10350,0,108,354030677,1394802054,35.67518806,139.8005706
1,30,771,407,2,0,1,30000,0,108,353914569,1394745963,35.65404694,139.7961008
1,30,771,408,2,0,1,20000,0,108,353923206,1394758493,35.65644611,139.7995814
1,30,772,258,1,1,0,20660,0,108,354051106,1395039346,35.68086278,139.8442628
1,30,772,259,2,0,1,10350,0,108,354027093,1394948302,35.6741925,139.8300839
1,30,772,260,2,0,1,20650,0,108,354151658,1395002520,35.69768278,139.8340333
1,30,772,261,2,0,1,30000,0,108,354110648,1394914503,35.68629111,139.8206953
1,30,772,262,2,0,1,140,67,108,354150353,1395016773,35.69732028,139.8379925
1,30,772,263,2,0,1,10350,0,108,354018971,1395026606,35.67193639,139.8407239
1,30,772,264,2,0,1,10090,0,108,354155659,1394932019,35.69879417,139.8255608
1,30,772,265,2,0,1,10090,0,108,354147016,1394932906,35.69639333,139.8258072
1,30,772,266,2,0,1,30000,0,108,354046011,1394944051,35.6794475,139.8289031
1,30,772,267,2,0,1,10040,0,108,354011951,1394926131,35.66998639,139.8239253
1,30,772,268,2,0,1,140,61,108,354148978,1394955131,35.69693833,139.8319808
1,30,772,269,2,0,1,99000,0,108,354136261,1394934160,35.69340583,139.8261556
1,30,772,270,2,0,1,30000,0,108,354050727,1394952788,35.6807575,139.83133
1,30,772,271,2,0,1,30000,0,108,354129122,1395045369,35.69142278,139.8459358
1,30,772,272,2,0,1,10090,0,108,354010155,1394932229,35.6694875,139.8256192
1,30,772,273,2,0,1,10090,0,108,354017585,1394934025,35.67155139,139.8261181
1,30,772,274,2,0,1,20660,0,108,354142832,1395036235,35.69523111,139.8433986
1,30,772,275,2,0,2,140,60,108,354149160,1394951871,35.69698889,139.8310753
1,30,772,276,2,0,1,30000,0,108,354147503,1394911488,35.69652861,139.8198578
1,30,772,277,2,0,1,30000,0,108,354027381,1394928814,35.6742725,139.8246706
1,30,772,278,2,0,1,30000,0,108,354115207,1395014574,35.6875575,139.8373817
1,30,772,279,2,0,1,20650,0,108,354111333,1395011053,35.68648139,139.8364036
1,30,772,280,2,0,1,30000,0,108,354138792,1394914656,35.69410889,139.8207378
1,30,772,281,2,0,1,10350,0,108,354032388,1394919776,35.67566333,139.82216
1,30,772,282,2,0,1,30000,0,108,354138333,1394912056,35.69398139,139.8200156
1,30,772,283,2,0,1,10090,0,108,354011959,1394932867,35.66998861,139.8257964
1,30,772,284,2,0,1,20540,0,108,354036312,1394950423,35.67675333,139.8306731
1,30,772,285,2,0,1,30000,0,108,354108082,1394937869,35.68557833,139.8271858
1,30,772,286,2,0,1,10060,0,108,354121905,1394930748,35.68941806,139.8252078
1,30,772,287,2,0,1,10090,0,108,354106449,1394935853,35.68512472,139.8266258
1,30,69,394,2,0,1,50280,0,108,353812221,1394740603,35.63672806,139.7946119
1,30,113,166,2,0,1,10370,0,108,353908379,1394841662,35.6523275,139.8115728
1,30,113,167,2,0,1,3570,301,108,353811619,1394736354,35.63656083,139.7934317
1,30,113,169,2,0,3,30000,0,108,353814336,1394650503,35.63731556,139.7806953
1,30,113,170,2,0,1,3570,0,108,353826059,1394808767,35.64057194,139.8024353
1,30,113,171,2,0,1,30000,0,108,353858822,1394811254,35.64967278,139.8031261
1,30,113,172,2,0,1,85010,0,108,353610947,1394727176,35.60304083,139.7908822
1,30,113,173,2,0,1,30000,0,108,353838780,1394753588,35.64410556,139.7982189
1,30,113,174,2,0,1,3570,0,108,353831157,1394824583,35.64198806,139.8068286
1,30,113,175,2,0,1,10090,0,108,353919021,1394927271,35.65528361,139.8242419
1,30,113,176,2,0,1,3570,0,108,353852761,1395015994,35.64798917,139.8377761
1,30,113,177,2,0,1,21180,0,108,353822112,1394722513,35.63947556,139.7895869
1,30,113,178,2,0,2,30000,0,108,353825086,1394728531,35.64030167,139.7912586
1,30,113,181,2,0,1,20000,0,108,353826226,1394742906,35.64061833,139.7952517
1,30,113,182,2,0,1,85010,0,108,353811526,1394752490,35.636535,139.7979139
1,30,113,184,2,0,1,30000,0,108,353854026,1394832792,35.64834056,139.8091089
1,30,113,185,2,0,1,3570,0,108,353846744,1394938953,35.64631778,139.8274869
1,30,113,186,2,0,1,10020,0,108,353901079,1394803037,35.65029972,139.8008436
1,30,113,187,2,0,1,20000,0,108,353829840,1394714739,35.64162222,139.7874275
1,30,113,189,2,0,1,85000,0,108,353839323,1394758432,35.64425639,139.7995644
1,30,113,190,2,0,1,85010,0,108,353724985,1394645148,35.62360694,139.7792078
1,30,113,191,2,0,1,90000,0,108,353844967,1395006917,35.64582417,139.8352547
1,30,113,193,2,0,1,30000,0,108,353829183,1394725630,35.64143972,139.7904528
1,30,113,194,2,0,1,85000,0,108,353749719,1394745267,35.6304775,139.7959075
1,30,771,409,2,0,2,10370,0,108,354109052,1394822670,35.68584778,139.8062972
1,30,771,410,2,0,1,10370,0,108,353955922,1394817812,35.66553389,139.8049478
1,30,771,411,2,0,1,20690,0,108,354050605,1394857452,35.68072361,139.8159589
1,30,771,412,2,0,1,30000,0,108,354001341,1394742682,35.66703917,139.7951894
1,30,771,413,2,0,2,10350,0,108,354030312,1394747892,35.67508667,139.7966367
1,30,771,414,2,0,1,20000,0,108,353929256,1394734187,35.65812667,139.7928297
1,30,771,415,2,0,1,10020,0,108,353914250,1394750430,35.65395833,139.7973417
1,30,771,416,2,0,1,10060,0,108,354120115,1394851500,35.68892083,139.8143056
1,30,771,417,2,0,1,30000,0,108,354014596,1394847118,35.67072111,139.8130883
1,30,771,418,2,0,1,30000,0,108,354019734,1394907505,35.67214833,139.8187514
1,30,771,419,2,0,1,30000,0,108,354017368,1394750354,35.67149111,139.7973206
1,30,771,420,2,0,1,20540,0,108,354056268,1394816707,35.68229667,139.8046408
1,30,771,421,2,0,1,30000,0,108,353938601,1394801149,35.6607225,139.8003192
1,30,771,422,2,0,1,20680,0,108,354027039,1394746030,35.6741775,139.7961194
1,30,771,423,2,0,1,20540,0,108,354054698,1394733768,35.68186056,139.7927133
1,30,771,424,2,0,1,10000,0,108,353849381,1394716791,35.64705028,139.7879975
1,30,771,425,2,0,1,30000,0,108,354033001,1394742972,35.67583361,139.79527
1,30,771,426,2,0,1,30000,0,108,354115092,1394842530,35.68752556,139.8118139
1,30,771,427,2,0,1,10350,0,108,354030256,1394747406,35.67507111,139.7965017
1,30,771,428,2,0,1,30000,0,108,354032194,1394745349,35.67560944,139.7959303
1,30,771,429,2,0,1,30000,0,108,354103517,1394738796,35.68431028,139.79411
1,30,771,430,2,0,1,20690,0,108,354019387,1394858371,35.67205194,139.8162142
1,30,771,431,2,0,1,30000,0,108,354047283,1394807514,35.67980083,139.8020872
1,30,771,432,2,0,1,20680,0,108,354030824,1394745815,35.67522889,139.7960597
1,30,771,433,2,0,1,95000,0,108,354130789,1394902718,35.69188583,139.8174217
1,30,771,434,2,0,1,30000,0,108,354003218,1394828169,35.66756056,139.8078247
1,30,771,435,2,0,1,10040,0,108,354027762,1394727986,35.67437833,139.7911072
1,30,771,436,2,0,1,10350,0,108,354033214,1394907760,35.67589278,139.8188222
1,30,771,437,2,0,1,20690,0,108,354134439,1394855383,35.69289972,139.8153842
1,30,771,438,2,0,1,10040,0,108,354031109,1394722663,35.67530806,139.7896286
1,30,771,439,2,0,1,30000,0,108,353948178,1394804433,35.66338278,139.8012314
1,30,771,440,2,0,1,10040,0,108,354010645,1394900196,35.66962361,139.8167211
1,30,771,441,2,0,1,20680,0,108,354006073,1394723545,35.66835361,139.7898736
1,30,771,442,2,0,1,30000,0,108,354003012,1394750515,35.66750333,139.7973653
1,30,771,443,2,0,1,10040,0,108,354009921,1394854311,35.6694225,139.8150864
1,30,771,444,2,0,1,30000,0,108,354109055,1394849487,35.68584861,139.8137464
1,30,771,445,2,0,1,10370,0,108,353959385,1394818205,35.66649583,139.8050569
1,30,771,446,2,0,1,30000,0,108,354132550,1394858832,35.692375,139.8163422
1,30,771,447,2,0,1,10020,0,108,353917767,1394745011,35.65493528,139.7958364
1,30,772,288,2,0,1,30000,0,108,354014581,1395012379,35.67071694,139.8367719
1,30,772,289,2,0,2,10040,0,108,354004258,1394948792,35.66784944,139.83022
1,30,772,290,2,0,1,20650,0,108,354129217,1395006670,35.69144917,139.8351861
1,30,772,291,2,0,1,10290,0,108,354205115,1394909427,35.70142083,139.8192853
1,30,772,292,2,0,1,140,60,108,354149259,1394951379,35.69701639,139.8309386
1,30,772,293,2,0,1,140,69,108,354150170,1395025053,35.69726944,139.8402925
1,30,772,294,2,0,1,30000,0,108,354155624,1394957892,35.69878444,139.8327478
1,30,772,295,2,0,2,20650,0,108,354044140,1395004669,35.67892778,139.8346303
1,30,772,296,2,0,1,30000,0,108,354137981,1394929627,35.69388361,139.8248964
1,30,772,297,2,0,1,10090,0,108,354156262,1394931977,35.69896167,139.8255492
1,30,772,298,2,0,1,30000,0,108,354053646,1394942151,35.68156833,139.8283753
1,30,772,299,2,0,1,30000,0,108,354150315,1394948260,35.69730972,139.8300722
1,30,772,300,2,0,1,30000,0,108,354045787,1394924672,35.67938528,139.82352
1,30,772,301,2,0,1,20540,0,108,354035649,1394952250,35.67656917,139.8311806
1,30,772,302,2,0,1,20540,0,108,354033669,1395010586,35.67601917,139.8362739
1,30,772,303,2,0,1,30000,0,108,354121947,1395017333,35.68942972,139.8381481
1,30,772,304,2,0,1,20660,0,108,354028310,1395034078,35.67453056,139.8427994
1,30,772,305,2,0,1,140,56,108,354148021,1394933282,35.6966725,139.8259117
1,30,772,306,2,0,1,30000,0,108,354015751,1395032051,35.67104194,139.8422364
1,30,772,307,2,0,1,30000,0,108,354110092,1395014449,35.68613667,139.8373469
1,30,772,308,2,0,1,10090,0,108,353942443,1394925553,35.66178972,139.8237647
1,30,772,309,2,0,1,30000,0,108,354048842,1395019938,35.68023389,139.8388717
1,30,772,310,2,0,5,10090,0,108,354055922,1394938284,35.68220056,139.8273011
1,30,772,311,2,0,1,30000,0,108,354149469,1395015811,35.69707472,139.8377253
1,30,772,312,2,0,1,30000,0,108,354159600,1394929553,35.69988889,139.8248758
1,30,772,313,2,0,1,10090,0,108,354108684,1394935506,35.68574556,139.8265294
1,30,772,314,2,0,1,30000,0,108,354104636,1395035263,35.68462111,139.8431286
1,30,772,315,2,0,1,30000,0,108,354119410,1395024721,35.688725,139.8402003
1,30,772,316,2,0,1,10290,0,108,354206238,1394930630,35.70173278,139.825175
1,30,772,317,2,0,1,30000,0,108,354154298,1395000760,35.69841611,139.8335444
1,30,772,318,2,0,1,99000,0,108,354015707,1394917231,35.67102972,139.8214531
1,30,772,319,2,0,1,10090,0,108,353937231,1394925312,35.66034194,139.8236978
1,30,772,320,2,0,1,10090,0,108,354055387,1394938866,35.68205194,139.8274628
1,30,772,321,2,0,1,30000,0,108,354022164,1394943836,35.67282333,139.8288433
1,30,772,322,2,0,1,10090,0,108,354023345,1394935570,35.67315139,139.8265472
1,30,772,323,2,0,1,10290,0,108,354205969,1394946309,35.70165806,139.8295303
1,30,772,324,2,0,1,10350,0,108,354027684,1394944184,35.67435667,139.82894
1,30,772,325,2,0,1,10350,0,108,354029302,1394937835,35.67480611,139.8271764
1,30,772,326,2,0,1,99000,0,108,354129830,1394956937,35.69161944,139.8324825
1,30,772,327,2,0,1,30000,0,108,354038724,1394958598,35.67742333,139.8329439
1,30,772,328,2,0,1,30000,0,108,354111641,1394923256,35.68656694,139.8231267
1,30,772,329,2,0,1,20650,0,108,354052940,1395007421,35.68137222,139.8353947
1,30,772,330,2,0,1,10090,0,108,354028171,1394936046,35.67449194,139.8266794
1,30,772,331,2,0,1,30000,0,108,354012570,1395003988,35.67015833,139.8344411
1,30,772,332,2,0,1,10350,0,108,354021906,1395010117,35.67275167,139.8361436
1,30,772,333,2,0,1,30000,0,108,354032378,1395024007,35.67566056,139.8400019
1,30,772,334,2,0,1,10060,0,108,354127712,1395056001,35.69103111,139.8488892
1,30,69,432,2,0,1,50340,0,108,353801410,1394653282,35.633725,139.7814672
1,30,69,456,2,0,1,50280,0,108,353836514,1394837515,35.64347611,139.8104208
1,30,113,197,2,0,1,85010,0,108,353723140,1394728815,35.62309444,139.7913375
1,30,113,200,2,0,1,20000,0,108,353826532,1394741329,35.64070333,139.7948136
1,30,113,203,2,0,1,21180,0,108,353816820,1394726403,35.63800556,139.7906675
1,30,113,206,2,0,1,30000,0,108,353909184,1394853966,35.65255111,139.8149906
1,30,113,212,2,0,1,99000,0,108,353728436,1394626624,35.62456556,139.7740622
1,30,113,213,2,0,1,99000,0,108,353759796,1394946524,35.63327667,139.82959
1,30,113,214,2,0,1,20000,0,108,353816709,1394648920,35.63797472,139.7802556
1,30,113,216,2,0,1,85010,0,108,353613831,1394826368,35.60384194,139.8073244
1,30,113,217,2,0,2,85010,0,108,353706030,1394651413,35.61834167,139.7809481
1,30,113,218,2,0,1,10090,0,108,353856732,1394931086,35.64909222,139.8253017
1,30,113,220,2,0,1,3570,300,108,353811730,1394742206,35.63659167,139.7950572
1,30,113,221,2,0,1,30000,0,108,353808901,1394731434,35.63580583,139.792065
1,30,771,448,2,0,1,30000,0,108,354107747,1394801648,35.68548528,139.8004578
1,30,771,449,2,0,1,30000,0,108,353948381,1394842244,35.66343917,139.8117344
1,30,771,450,2,0,1,30000,0,108,354019955,1394844215,35.67220972,139.8122819
1,30,771,451,2,0,1,30000,0,108,353846172,1394700635,35.64615889,139.7835097
1,30,771,452,2,0,1,30000,0,108,353848245,1394713311,35.64673472,139.7870308
1,30,771,453,2,0,1,10020,0,108,353917714,1394746885,35.65492056,139.7963569
1,30,771,454,2,0,1,30000,0,108,354113254,1394839344,35.687015,139.8109289
1,30,771,455,2,0,1,20690,0,108,354120805,1394856974,35.6891125,139.8158261
1,30,771,456,2,0,1,10370,0,108,353925866,1394833860,35.657185,139.8094056
1,30,771,457,2,0,1,10370,0,108,353942186,1394821958,35.66171833,139.8060994
1,30,771,458,2,0,1,30000,0,108,353950410,1394859367,35.66400278,139.8164908
1,30,771,459,2,0,1,20690,0,108,354119825,1394856359,35.68884028,139.8156553
1,30,771,460,2,0,1,10370,0,108,354052899,1394823413,35.68136083,139.8065036
1,30,771,461,2,0,1,30000,0,108,354023073,1394910680,35.67307583,139.8196333
1,30,771,462,2,0,2,20540,0,108,354054721,1394734800,35.68186694,139.793
1,30,771,463,2,0,1,30000,0,108,354046300,1394909435,35.67952778,139.8192875
1,30,771,464,2,0,1,10020,0,108,353915397,1394749088,35.65427694,139.7969689
1,30,771,465,2,0,1,30000,0,108,354019896,1394904087,35.67219333,139.8178019
1,30,771,466,2,0,1,30000,0,108,353926222,1394817204,35.65728389,139.8047789
1,30,771,467,2,0,1,30000,0,108,354012088,1394748057,35.67002444,139.7966825
1,30,771,468,2,0,1,99000,0,108,354026302,1394832604,35.67397278,139.8090567
1,30,771,469,2,0,1,30000,0,108,354038888,1394811646,35.67746889,139.803235
1,30,771,470,2,0,1,10350,0,108,354030814,1394813814,35.67522611,139.8038372
1,30,771,471,2,0,3,20690,0,108,354110882,1394857541,35.68635611,139.8159836
1,30,771,472,2,0,1,30000,0,108,354006540,1394843462,35.66848333,139.8120728
1,30,771,473,2,0,2,10370,0,108,354018942,1394822319,35.67192833,139.8061997
1,30,771,474,2,0,1,10350,0,108,354031539,1394827880,35.6754275,139.8077444
1,30,771,475,2,0,1,21180,0,108,353840703,1394707204,35.64463972,139.7853344
1,30,771,476,2,0,1,10350,0,108,354031897,1394843634,35.67552694,139.8121206
1,30,771,477,2,0,1,30000,0,108,354107649,1394802094,35.68545806,139.8005817
1,30,771,478,2,0,1,30000,0,108,353934137,1394823069,35.6594825,139.8064081
1,30,771,479,2,0,1,20540,0,108,354058150,1394838724,35.68281944,139.8107567
1,30,771,480,2,0,1,30000,0,108,353941108,1394741840,35.66141889,139.7949556
1,30,771,481,2,0,1,10040,0,108,354009993,1394812159,35.6694425,139.8033775
1,30,771,482,2,0,2,30000,0,108,354034725,1394745250,35.6763125,139.7959028
1,30,771,483,2,0,1,30000,0,108,354041515,1394745480,35.67819861,139.7959667
1,30,771,484,2,0,1,10370,0,108,354010754,1394821587,35.66965389,139.8059964
1,30,771,485,2,0,1,20540,0,108,354053878,1394736194,35.68163278,139.7933872
1,30,771,486,2,0,1,30000,0,108,354027376,1394808228,35.67427111,139.8022856
1,30,771,487,2,0,1,30000,0,108,353918901,1394752206,35.65525028,139.797835
1,30,771,488,2,0,1,30000,0,108,353924530,1394800546,35.65681389,139.8001517
1,30,771,489,2,0,1,10350,0,108,354032665,1394859621,35.67574028,139.8165614
1,30,771,490,2,0,1,30000,0,108,353917431,1394742881,35.65484194,139.7952447
1,30,771,491,2,0,1,30000,0,108,353958998,1394839693,35.66638833,139.8110258
1,30,771,492,2,0,1,30000,0,108,354052352,1394749373,35.68120889,139.7970481
1,30,771,493,2,0,1,30000,0,108,353925712,1394748536,35.65714222,139.7968156
1,30,771,494,2,0,1,30000,0,108,354039974,1394822861,35.67777056,139.8063503
1,30,771,495,2,0,1,10040,0,108,354017002,1394750077,35.67138944,139.7972436
1,30,771,496,2,0,1,30000,0,108,353928251,1394806157,35.6578475,139.8017103
1,30,771,497,2,0,1,30000,0,108,354011215,1394745683,35.66978194,139.7960231
1,30,771,498,2,0,1,10040,0,108,354031051,1394722149,35.67529194,139.7894858
1,30,771,499,2,0,1,30000,0,108,353947441,1394831243,35.66317806,139.8086786
1,30,771,500,2,0,1,20690,0,108,354116265,1394856487,35.68785139,139.8156908
1,30,771,501,2,0,1,30000,0,108,354109615,1394832863,35.68600417,139.8091286
1,30,771,502,2,0,1,10040,0,108,354009733,1394839110,35.66937028,139.8108639
1,30,771,503,2,0,2,30000,0,108,354015918,1394910693,35.67108833,139.8196369
1,30,771,504,2,0,1,10040,0,108,354018214,1394746449,35.67172611,139.7962358
1,30,771,505,2,0,1,30000,0,108,354049928,1394840940,35.68053556,139.8113722
1,30,771,506,2,0,1,30000,0,108,354005798,1394742955,35.66827722,139.7952653
1,30,771,507,2,0,1,30000,0,108,353931675,1394811260,35.65879861,139.8031278
1,30,771,508,2,0,1,30000,0,108,354007311,1394730833,35.6686975,139.7918981
1,30,772,335,2,0,1,30000,0,108,354155343,1395017340,35.69870639,139.83815
1,30,772,336,2,0,3,10090,0,108,354209498,1394931603,35.70263833,139.8254453
1,30,772,337,2,0,1,30000,0,108,354138249,1395014469,35.69395806,139.8373525
1,30,772,338,2,0,1,10290,0,108,354205229,1394914560,35.7014525,139.8207111
1,30,772,339,2,0,1,10060,0,108,354123360,1395005988,35.68982222,139.8349967
1,30,772,340,2,0,2,30000,0,108,354206437,1395003892,35.70178806,139.8344144
1,30,772,341,2,0,1,10090,0,108,354000848,1394932216,35.66690222,139.8256156
1,30,772,342,2,0,1,20650,0,108,354121081,1395009385,35.68918917,139.8359403
1,30,772,343,2,0,1,30000,0,108,354154873,1394958551,35.69857583,139.8329308
1,30,772,344,2,0,1,30000,0,108,354146643,1395030669,35.69628972,139.8418525
1,30,772,345,2,0,1,10090,0,108,354024291,1394935363,35.67341417,139.8264897
1,30,772,346,2,0,1,20540,0,108,354035531,1394953261,35.67653639,139.8314614
1,30,772,347,2,0,1,10290,0,108,354205862,1394931367,35.70162833,139.8253797
1,30,772,348,2,0,1,10350,0,108,354029191,1394938581,35.67477528,139.8273836
1,30,772,349,2,0,1,30000,0,108,354048250,1395026827,35.68006944,139.8407853
1,30,772,350,2,0,1,10040,0,108,354003110,1394952924,35.66753056,139.8313678
1,30,772,351,2,0,1,10090,0,108,354158505,1394931913,35.69958472,139.8255314
1,30,772,352,2,0,1,30000,0,108,354038425,1395014848,35.67734028,139.8374578
1,30,772,353,2,0,1,30000,0,108,354008198,1395013950,35.66894389,139.8372083
1,30,772,354,2,0,2,10350,0,108,354024393,1394958555,35.6734425,139.8329319
1,30,772,355,2,0,1,30000,0,108,354134729,1395036552,35.69298028,139.8434867
1,30,772,356,2,0,1,30000,0,108,354139507,1395021349,35.6943075,139.8392636
1,30,772,357,2,0,1,20660,0,108,354057541,1395041029,35.68265028,139.8447303
1,30,772,358,2,0,1,10090,0,108,354146759,1394933309,35.69632194,139.8259192
1,30,772,359,2,0,1,10290,0,108,354206115,1394937225,35.70169861,139.8270069
1,30,772,360,2,0,1,30000,0,108,354009460,1394917435,35.66929444,139.8215097
1,30,772,361,2,0,1,10350,0,108,354031085,1394929310,35.67530139,139.8248083
1,30,772,362,2,0,1,30000,0,108,353951748,1395013492,35.66437444,139.8370811
1,30,772,363,2,0,1,20660,0,108,354133664,1395038313,35.69268444,139.8439758
1,30,772,364,2,0,1,10290,0,108,354206229,1394946169,35.70173028,139.8294914
1,30,772,365,2,0,1,20650,0,108,354120753,1395009960,35.68909806,139.8361
1,30,772,366,2,0,1,10090,0,108,353950755,1394925229,35.66409861,139.8236747
1,30,772,367,2,0,1,140,64,108,354149146,1395003972,35.696985,139.8344367
1,30,772,368,2,0,1,10290,0,108,354206045,1394922310,35.70167917,139.8228639
1,30,772,369,2,0,1,10090,0,108,353947279,1394925742,35.66313306,139.8238172
1,30,772,370,2,0,2,10090,0,108,354034943,1394936986,35.67637306,139.8269406
1,30,772,371,2,0,1,10090,0,108,354134167,1394933454,35.69282417,139.8259594
1,30,772,372,2,0,1,140,57,108,354148027,1394941455,35.69667417,139.8281819
1,30,772,373,2,0,1,10290,0,108,354205725,1394952392,35.70159028,139.83122
1,30,772,374,2,0,1,10060,0,108,354123069,1395005696,35.68974139,139.8349156
1,30,772,375,2,0,1,30000,0,108,354218563,1394922572,35.70515639,139.8229367
1,30,772,376,2,0,1,30000,0,108,354101346,1394929384,35.68370722,139.8248289
1,30,772,377,2,0,1,10040,0,108,354011336,1394930906,35.66981556,139.8252517
1,30,772,378,2,0,1,30000,0,108,354101033,1394929147,35.68362028,139.8247631
1,30,772,379,2,0,1,20650,0,108,354023179,1394958123,35.67310528,139.8328119
1,30,772,380,2,0,1,10090,0,108,354159743,1394931602,35.69992861,139.825445
1,30,772,381,2,0,1,10090,0,108,354151117,1394932016,35.6975325,139.82556
1,30,69,467,2,0,1,50280,0,108,353847345,1394932761,35.64648472,139.8257669
1,30,113,223,2,0,1,21180,0,108,353819776,1394722836,35.63882667,139.7896767
1,30,113,224,2,0,1,85010,0,108,353749821,1394731530,35.63050583,139.7920917
1,30,113,225,2,0,1,20000,0,108,353825040,1394810379,35.64028889,139.8028831
1,30,113,226,2,0,2,20000,0,108,353826417,1394819440,35.64067139,139.8054
1,30,113,228,2,0,1,85010,0,108,353555503,1394823751,35.59875083,139.8065975
1,30,113,229,2,0,1,30000,0,108,353856327,1394812929,35.64897972,139.8035914
1,30,113,230,2,0,1,85010,0,108,353721701,1395005603,35.62269472,139.8348897
1,30,113,231,2,0,1,20000,0,108,353816795,1394725435,35.63799861,139.7903986
1,30,113,232,2,0,1,10020,0,108,353828650,1394809318,35.64129167,139.8025883
1,30,113,235,2,0,1,30000,0,108,353851167,1394809957,35.64754639,139.8027658
1,30,113,236,2,0,1,3570,310,108,353755670,1394706743,35.63213056,139.7852064
1,30,113,237,2,0,1,3570,0,108,353846996,1394913507,35.64638778,139.8204186
1,30,113,239,2,0,1,30000,0,108,353809892,1394731574,35.63608111,139.7921039
1,30,113,241,2,0,1,85010,0,108,353805013,1395011585,35.63472583,139.8365514
1,30,113,242,2,0,1,20000,0,108,353804294,1394702297,35.63452611,139.7839714
1,30,113,243,2,0,2,20000,0,108,353716035,1394624323,35.62112083,139.7734231
1,30,113,245,2,0,2,20000,0,108,353818448,1394747811,35.63845778,139.7966142
1,30,113,247,2,0,1,30000,0,108,353740045,1394752195,35.62779028,139.7978319
1,30,113,248,2,0,1,30000,0,108,353849827,1394816201,35.64717417,139.8045003
1,30,771,509,2,0,1,20540,0,108,354054829,1394734751,35.68189694,139.7929864
1,30,771,510,2,0,3,10370,0,108,354048472,1394823938,35.68013111,139.8066494
1,30,771,511,2,0,1,10370,0,108,353957035,1394817970,35.66584306,139.8049917
1,30,771,512,2,0,1,10040,0,108,354009418,1394830793,35.66928278,139.8085536
1,30,771,513,2,0,1,10060,0,108,354120545,1394901664,35.68904028,139.8171289
1,30,771,514,2,0,1,10370,0,108,353942135,1394821642,35.66170417,139.8060117
1,30,771,515,2,0,1,10040,0,108,354017300,1394749815,35.67147222,139.7971708
1,30,771,516,2,0,1,30000,0,108,353947290,1394830418,35.66313611,139.8084494
1,30,771,517,2,0,1,10040,0,108,354010043,1394827188,35.66945639,139.8075522
1,30,771,518,2,0,1,30000,0,108,354004415,1394838972,35.66789306,139.8108256
1,30,771,519,2,0,1,20680,0,108,354015301,1394735414,35.67091694,139.7931706
1,30,771,520,2,0,1,30000,0,108,353841560,1394704465,35.64487778,139.7845736
1,30,771,521,2,0,1,10040,0,108,354028045,1394727518,35.67445694,139.7909772
1,30,771,522,2,0,1,10040,0,108,354011231,1394802373,35.66978639,139.8006592
1,30,771,523,2,0,1,30000,0,108,353951112,1394811183,35.66419778,139.8031064
1,30,771,524,2,0,1,21180,0,108,353843820,1394703731,35.64550556,139.7843697
1,30,771,525,2,0,2,30000,0,108,353944814,1394816155,35.66244833,139.8044875
1,30,771,526,2,0,2,30000,0,108,354053669,1394841081,35.68157472,139.8114114
1,30,771,527,2,0,1,10040,0,108,354031274,1394721499,35.67535389,139.7893053
1,30,771,528,2,0,1,30000,0,108,354102005,1394840624,35.68389028,139.8112844
1,30,771,529,2,0,1,20000,0,108,353927120,1394804249,35.65753333,139.8011803
1,30,771,530,2,0,1,20540,0,108,354054748,1394741700,35.68187444,139.7949167
1,30,771,531,2,0,1,10040,0,108,354017281,1394749035,35.67146694,139.7969542
1,30,771,532,2,0,1,30000,0,108,353909937,1394806472,35.65276028,139.8017978
1,30,771,533,2,0,1,30000,0,108,354009036,1394838969,35.66917667,139.8108247
1,30,771,534,2,0,1,20540,0,108,354058692,1394854115,35.68297,139.8150319
1,30,771,535,2,0,1,30000,0,108,354118557,1394750553,35.68848806,139.7973758
1,30,771,536,2,0,1,30000,0,108,353852338,1394719331,35.64787167,139.7887031
1,30,771,537,2,0,1,30000,0,108,354000306,1394810354,35.66675167,139.8028761
1,30,771,538,2,0,1,20690,0,108,354035549,1394857178,35.67654139,139.8158828
1,30,771,539,2,0,1,30000,0,108,353912061,1394756130,35.65335028,139.798925
1,30,771,540,2,0,1,30000,0,108,354009276,1394910682,35.66924333,139.8196339
1,30,771,541,2,0,3,10020,0,108,353917679,1394746989,35.65491083,139.7963858
1,30,771,542,2,0,1,30000,0,108,354051653,1394901890,35.68101472,139.8171917
1,30,771,543,2,0,1,30000,0,108,354023434,1394735343,35.67317611,139.7931508
1,30,771,544,2,0,1,30000,0,108,354026540,1394910757,35.67403889,139.8196547
1,30,771,545,2,0,1,30000,0,108,354107274,1394751339,35.68535389,139.7975942
1,30,771,546,2,0,1,30000,0,108,354043471,1394851982,35.67874194,139.8144394
1,30,771,547,2,0,1,30000,0,108,354039769,1394733364,35.67771361,139.7926011
1,30,771,548,2,0,1,30000,0,108,354044903,1394804328,35.67913972,139.8012022
1,30,771,549,2,0,1,30000,0,108,354107233,1394813050,35.6853425,139.803625
1,30,771,550,2,0,1,20680,0,108,354102363,1394754634,35.68398972,139.7985094
1,30,771,551,2,0,1,10040,0,108,354015227,1394754047,35.67089639,139.7983464
1,30,771,552,2,0,1,20000,0,108,353852652,1394720732,35.64795889,139.7890922
1,30,771,553,2,0,1,10350,0,108,354031906,1394844052,35.67552944,139.8122367
1,30,771,554,2,0,1,20680,0,108,354015099,1394736097,35.67086083,139.7933603
1,30,771,555,2,0,1,30000,0,108,354027032,1394808463,35.67417556,139.8023508
1,30,771,556,2,0,2,30000,0,108,354009004,1394859251,35.66916778,139.8164586
1,30,771,557,2,0,1,10350,0,108,354030130,1394741900,35.67503611,139.7949722
1,30,771,558,2,0,1,20000,0,108,353848728,1394715123,35.64686889,139.7875342
1,30,771,559,2,0,1,10370,0,108,353921462,1394838589,35.65596167,139.8107192
1,30,771,560,2,0,1,30000,0,108,354109689,1394805493,35.68602472,139.8015258
1,30,771,561,2,0,1,10020,0,108,353911160,1394753112,35.6531,139.7980867
1,30,771,562,2,0,1,10060,0,108,354120296,1394855884,35.68897111,139.8155233
1,30,772,382,2,0,1,20530,0,108,354224089,1394918508,35.70669139,139.8218078
1,30,772,383,2,0,1,20660,0,108,354121755,1395041904,35.68937639,139.8449733
1,30,772,384,2,0,1,10350,0,108,354022326,1395009102,35.67286833,139.8358617
1,30,772,385,2,0,1,30000,0,108,354110829,1394926339,35.68634139,139.8239831
1,30,772,386,2,0,2,140,61,108,354148915,1394954622,35.69692083,139.8318394
1,30,772,387,2,0,1,99000,0,108,354017834,1395036520,35.67162056,139.8434778
1,30,772,388,2,0,1,10290,0,108,354206247,1394934806,35.70173528,139.826335
1,30,772,389,2,0,1,10290,0,108,354205550,1394919284,35.70154167,139.8220233
1,30,772,390,2,0,1,20660,0,108,354003864,1395031310,35.66774,139.8420306
1,30,772,391,2,0,1,20540,0,108,354043187,1394927172,35.67866306,139.8242144
1,30,772,392,2,0,2,10090,0,108,353933071,1394926268,35.65918639,139.8239633
1,30,772,393,2,0,1,30000,0,108,354123501,1395036571,35.68986139,139.8434919
1,30,772,394,2,0,1,10290,0,108,354205291,1394910732,35.70146972,139.8196478
1,30,772,395,2,0,1,20650,0,108,354109238,1395010917,35.68589944,139.8363658
1,30,772,396,2,0,1,95000,0,108,354041529,1395015072,35.6782025,139.83752
1,30,772,397,2,0,1,10090,0,108,354041114,1394937769,35.67808722,139.8271581
1,30,772,398,2,0,1,10090,0,108,354215883,1394933089,35.70441194,139.8258581
1,30,772,399,2,0,1,30000,0,108,354151987,1394910910,35.69777417,139.8196972
1,30,772,400,2,0,1,30000,0,108,354027418,1394928850,35.67428278,139.8246806
1,30,772,401,2,0,1,20650,0,108,354119389,1395009682,35.68871917,139.8360228
1,30,772,402,2,0,1,30000,0,108,354044047,1394924342,35.67890194,139.8234283
1,30,772,403,2,0,1,10090,0,108,354158760,1394931471,35.69965556,139.8254086
1,30,772,404,2,0,1,10060,0,108,354121865,1394942063,35.68940694,139.8283508
1,30,772,405,2,0,1,10090,0,108,354038532,1394937835,35.67737,139.8271764
1,30,772,406,2,0,1,30000,0,108,354139749,1394934756,35.69437472,139.8263211
1,30,772,407,2,0,1,30000,0,108,353948589,1394920910,35.66349694,139.822475
1,30,772,408,2,0,1,10350,0,108,354020732,1395015565,35.67242556,139.8376569
1,30,772,409,2,0,1,10350,0,108,354033142,1394913575,35.67587278,139.8204375
1,30,772,410,2,0,1,10290,0,108,354206503,1394931006,35.70180639,139.8252794
1,30,69,508,2,0,1,50340,0,108,353756300,1394658394,35.63230556,139.7828872
1,30,113,253,2,0,1,3570,0,108,353849425,1395008247,35.6470625,139.8356242
1,30,113,254,2,0,1,85010,0,108,353749016,1395009811,35.63028222,139.8360586
1,30,113,256,2,0,1,10370,0,108,353908327,1394842288,35.65231306,139.8117467
1,30,113,257,2,0,1,30000,0,108,353743951,1394656383,35.62887528,139.7823286
1,30,113,259,2,0,1,10090,0,108,353856276,1394930460,35.64896556,139.8251278
1,30,113,261,2,0,1,30000,0,108,353906888,1394836072,35.65191333,139.81002
1,30,113,263,2,0,1,3570,312,108,353752297,1394700023,35.63119361,139.7833397
1,30,113,264,2,0,1,85010,0,108,353753302,1394720573,35.63147278,139.7890481
1,30,113,265,2,0,1,30000,0,108,353839032,1394926097,35.64417556,139.8239158
1,30,113,266,2,0,1,20000,0,108,353912125,1394840099,35.65336806,139.8111386
1,30,113,267,2,0,1,99000,0,108,353853435,1394948202,35.64817639,139.8300561
1,30,113,268,2,0,1,30000,0,108,353859827,1394817805,35.64995194,139.8049458
1,30,771,563,2,0,1,10370,0,108,354040070,1394825249,35.67779722,139.8070136
1,30,771,564,2,0,1,30000,0,108,354117108,1394839025,35.68808556,139.8108403
1,30,771,565,2,0,2,10370,0,108,354052730,1394823797,35.68131389,139.8066103
1,30,771,566,2,0,1,10350,0,108,354030866,1394815526,35.67524056,139.8043128
1,30,771,567,2,0,1,10040,0,108,354009398,1394829479,35.66927722,139.8081886
1,30,771,568,2,0,2,10370,0,108,354045621,1394824668,35.67933917,139.8068522
1,30,771,569,2,0,1,20680,0,108,354043438,1394754500,35.67873278,139.7984722
1,30,771,570,2,0,1,95000,0,108,354006294,1394830205,35.668415,139.8083903
1,30,771,571,2,0,1,30000,0,108,354026223,1394910737,35.67395083,139.8196492
1,30,771,572,2,0,1,10040,0,108,354009375,1394823482,35.66927083,139.8065228
1,30,771,573,2,0,1,30000,0,108,353931833,1394811104,35.6588425,139.8030844
1,30,771,574,2,0,1,20690,0,108,354108202,1394857680,35.68561167,139.8160222
1,30,771,575,2,0,1,10350,0,108,354031032,1394814991,35.67528667,139.8041642
1,30,771,576,2,0,1,20540,0,108,354058969,1394849959,35.68304694,139.8138775
1,30,771,577,2,0,1,20680,0,108,354104872,1394754542,35.68468667,139.7984839
1,30,771,578,2,0,2,20000,0,108,353838589,1394658803,35.6440525,139.7830008
1,30,771,579,2,0,1,10040,0,108,354009513,1394844187,35.66930917,139.8122742
1,30,771,580,2,0,1,30000,0,108,353851760,1394732973,35.64771111,139.7924925
1,30,771,581,2,0,1,30000,0,108,353935471,1394802248,35.65985306,139.8006244
1,30,771,582,2,0,2,10020,0,108,353916602,1394747699,35.65461167,139.7965831
1,30,771,583,2,0,1,30000,0,108,354039955,1394723172,35.67776528,139.78977
1,30,771,584,2,0,1,30000,0,108,354056981,1394749252,35.68249472,139.7970144
1,30,771,585,2,0,1,30000,0,108,353943182,1394835732,35.661995,139.8099256
1,30,771,586,2,0,1,10370,0,108,354009945,1394819881,35.66942917,139.8055225
1,30,771,587,2,0,2,30000,0,108,354001450,1394818677,35.66706944,139.8051881
1,30,771,588,2,0,1,10040,0,108,354009776,1394822049,35.66938222,139.8061247
1,30,771,589,2,0,1,20690,0,108,354116495,1394856474,35.68791528,139.8156872
1,30,771,590,2,0,1,30000,0,108,353936393,1394858776,35.66010917,139.8163267
1,30,771,591,2,0,1,30000,0,108,354012332,1394804079,35.67009222,139.8011331
1,30,771,592,2,0,1,30000,0,108,354035946,1394720730,35.67665167,139.7890917
1,30,771,593,2,0,1,10370,0,108,353942529,1394821920,35.66181361,139.8060889
1,30,771,594,2,0,1,10040,0,108,354014527,1394756997,35.67070194,139.7991658
1,30,771,595,2,0,1,30000,0,108,354040705,1394812391,35.67797361,139.8034419
1,30,771,596,2,0,1,10370,0,108,354052357,1394823682,35.68121028,139.8065783
1,30,771,597,2,0,1,10350,0,108,354031227,1394805320,35.67534083,139.8014778
1,30,771,598,2,0,1,30000,0,108,354029158,1394736818,35.67476611,139.7935606
1,30,771,599,2,0,1,30000,0,108,354019843,1394847877,35.67217861,139.8132992
1,30,771,600,2,0,1,10040,0,108,354010110,1394819690,35.669475,139.8054694
1,30,771,601,2,0,1,20690,0,108,354059382,1394858144,35.68316167,139.8161511
1,30,771,602,2,0,1,10370,0,108,354006913,1394819166,35.66858694,139.8053239
1,30,771,603,2,0,1,10370,0,108,354026341,1394823747,35.67398361,139.8065964
1,30,771,604,2,0,1,10370,0,108,354006663,1394818965,35.6685175,139.8052681
1,30,771,605,2,0,1,30000,0,108,354057312,1394904513,35.68258667,139.8179203
1,30,771,606,2,0,1,30000,0,108,354108100,1394809802,35.68558333,139.8027228
1,30,771,607,2,0,1,30000,0,108,354020205,1394841148,35.67227917,139.81143
1,30,771,608,2,0,1,30000,0,108,353914677,1394745414,35.65407694,139.7959483
1,30,771,609,2,0,1,30000,0,108,354034290,1394759891,35.67619167,139.7999697
1,30,771,610,2,0,1,30000,0,108,354042415,1394847512,35.67844861,139.8131978
1,30,771,611,2,0,1,30000,0,108,354020974,1394817762,35.67249278,139.8049339
1,30,771,612,2,0,1,10370,0,108,353946550,1394819803,35.66293056,139.8055008
1,30,771,613,2,0,1,20000,0,108,353920356,1394752627,35.65565444,139.7979519
1,30,771,614,2,0,1,30000,0,108,354115188,1394859490,35.68755222,139.816525
1,30,771,615,2,0,1,10040,0,108,354025999,1394730529,35.67388861,139.7918136
1,30,771,616,2,0,1,20680,0,108,354109476,1394754489,35.68596556,139.7984692
1,30,772,411,2,0,1,20650,0,108,354126468,1395007559,35.69068556,139.8354331
1,30,772,412,2,0,1,30000,0,108,354105935,1394925557,35.68498194,139.8237658
1,30,772,413,2,0,1,30000,0,108,354129592,1394954654,35.69155333,139.8318483
1,30,772,414,2,0,1,30000,0,108,354014084,1394945571,35.67057889,139.8293253
1,30,772,415,2,0,1,30000,0,108,354140402,1394942591,35.69455611,139.8284975
1,30,772,416,2,0,1,10090,0,108,354106725,1394936347,35.68520139,139.8267631
1,30,772,417,2,0,1,30000,0,108,354125657,1395020982,35.69046028,139.8391617
1,30,772,418,2,0,1,30000,0,108,354139629,1394925548,35.69434139,139.8237633
1,30,772,419,2,0,1,20660,0,108,354000608,1395031162,35.66683556,139.8419894
1,30,772,420,2,0,1,30000,0,108,354040963,1394930191,35.67804528,139.8250531
1,30,772,421,2,0,1,20530,0,108,354226403,1394912688,35.70733417,139.8201911
1,30,772,422,2,0,1,30000,0,108,354049305,1395021240,35.6803625,139.8392333
1,30,772,423,2,0,1,10040,0,108,353957897,1395021294,35.6660825,139.8392483
1,30,772,424,2,0,1,30000,0,108,354041598,1395016389,35.67822167,139.8378858
1,30,772,425,2,0,1,140,71,108,354150692,1395034237,35.69741444,139.8428436
1,30,772,426,2,0,1,95000,0,108,354015508,1395010157,35.67097444,139.8361547
1,30,772,427,2,0,1,95000,0,108,354035732,1394918251,35.67659222,139.8217364
1,30,772,428,2,0,1,30000,0,108,354138302,1395014469,35.69397278,139.8373525
1,30,772,429,2,0,1,30000,0,108,354110449,1395018206,35.68623583,139.8383906
1,30,772,430,2,0,1,10060,0,108,354126426,1395036286,35.69067389,139.8434128
1,30,772,431,2,0,1,30000,0,108,354153471,1394929912,35.69818639,139.8249756
1,30,772,432,2,0,1,30000,0,108,354112559,1394928636,35.68682194,139.8246211
1,30,772,433,2,0,1,30000,0,108,354030118,1395011423,35.67503278,139.8365064
1,30,772,434,2,0,1,30000,0,108,354126565,1395035497,35.6907125,139.8431936
1,30,772,435,2,0,1,10090,0,108,354041998,1394938008,35.67833278,139.8272244
1,30,772,436,2,0,1,10090,0,108,354030620,1394936599,35.67517222,139.8268331
1,30,772,437,2,0,1,20660,0,108,354104880,1395042196,35.68468889,139.8450544
1,30,772,438,2,0,1,30000,0,108,354049112,1395020812,35.68030889,139.8391144
1,30,772,439,2,0,1,10040,0,108,353956835,1395031161,35.6657875,139.8419892
1,30,772,440,2,0,1,30000,0,108,354013310,1395006670,35.67036389,139.8351861
1,30,772,441,2,0,1,30000,0,108,354012121,1395016035,35.67003361,139.8377875
1,30,772,442,2,0,1,140,54,108,354147264,1394925175,35.69646222,139.8236597
1,30,772,443,2,0,1,30000,0,108,354138498,1394912043,35.69402722,139.8200119
1,30,772,444,2,0,1,10090,0,108,354131655,1394934193,35.69212639,139.8261647
1,30,772,445,2,0,1,10090,0,108,354023308,1394935637,35.67314111,139.8265658
1,30,772,446,2,0,1,20660,0,108,354023635,1395033093,35.67323194,139.8425258
1,30,772,447,2,0,1,20660,0,108,354145077,1395035245,35.69585472,139.8431236
1,30,772,448,2,0,1,30000,0,108,354206862,1395002540,35.70190611,139.8340389
1,30,772,449,2,0,1,10090,0,108,354124346,1394934695,35.69009611,139.8263042
1,30,772,450,2,0,1,20650,0,108,354122752,1395008470,35.68965333,139.8356861
